postalCode,placeName,provinceName,regionName,municipalityCode
0400,International Correspondence School,,,
0401,Asian Development Bank,,,
0410,Radio Bible Class,,,
0420,Bible School on the Air,,,
0550,Febias College of Bible,,,
0560,Far East Broadcasting Corporation,,,
0800,Social Security System,,,
0801,Camp Crame,,,
0802,Camp Aguinaldo,,,
0810,Araneta Center,,,
0820,Bureau of Internal Revenue,,,
0830,National Irrigation Administration,,,
0840,V. Luna Hospital,,,
0850,Philippine Heart Center,,,
0860,Quezon City Hall,,,
0870,Veterans Hospital,,,
0880,Commission on Audit,,,
0900,Manila Bulletin,,,
0901,Adventist University of the Philippines,,,
0902,Far East Broadcasting Corporation,,,
0903,Manila Hilton,,,
0904,Midland Hotel,,,
0905,Bacacay,,,0500501000
0905,The Philippine Star,,,
0906,Manila Medical Center,,,
0907,San Miguel Corporation,,,
0908,Pan-Filipino Shipping,,,
0909,Summer Institute of Linguistics,,,
0910,Department of Labor and Employment,,,
0911,National Statistics Office,,,
0912,Bureau of Plant Industry,,,
0913,Manila Hotel,,,
0914,Philippine Refining Company,,,
0915,International Correspondence Institute,,,
0916,Radio Veritas,,,
0917,Ateneo de Manila University,,,
0918,Fil-Japan Shipping Company,,,
0919,Manila Police District,,,
0920,Sunbursts Publications,,,
0921,Philippine Plaza Hotel,,,
0922,De La Salle University,,,
0923,Don Stewart Evangelistic Association,,,
0924,World Map,,,
0925,Chinabank,,,
0926,Caltex,,,
0927,Philippine Veterans Affairs Office,,,
0928,Philippine Campus Crusade,,,
0929,Not used,,,
0930,United States Embassy,,,
0940,Philippine National Bank,,,
0950,Manila Midtown Hotel,,,
0960,International Rice Research Institute,,,
0970,Department of Justice,,,
0980,Asian Development Bank,,,
0990,Philamlife,,,
1000,Manila City,Capital District,Metro Manila,1380600000
1000,Manila CPO - Ermita,Capital District,Metro Manila,
1001,Quiapo,Capital District,Metro Manila,
1001,Quiapo,Capital District,Metro Manila,1380603000
1002,Intramuros,Capital District,Metro Manila,
1002,Intramuros,Capital District,Metro Manila,1380609000
1003,Santa Cruz,Capital District,Metro Manila,1380605000
1003,Sta Cruz South,Capital District,Metro Manila,
1004,Malate,Capital District,Metro Manila,
1004,Malate,Capital District,Metro Manila,1380610000
1005,San Miguel,Capital District,Metro Manila,
1005,San Miguel,Capital District,Metro Manila,1380607000
1006,Binondo,Capital District,Metro Manila,
1006,Binondo,Capital District,Metro Manila,1380602000
1007,Paco,Capital District,Metro Manila,
1007,Paco,Capital District,Metro Manila,1380611000
1008,Sampaloc,Capital District,Metro Manila,1380606000
1008,Sampaloc East,Capital District,Metro Manila,
1009,Santa Ana,Capital District,Metro Manila,1380614000
1009,Sta. Ana,Capital District,Metro Manila,
1010,San Nicolas,Capital District,Metro Manila,
1010,San Nicolas,Capital District,Metro Manila,1380604000
1011,Pandacan,Capital District,Metro Manila,
1011,Pandacan,Capital District,Metro Manila,1380612000
1012,Tondo I/II,Capital District,Metro Manila,1380601000
1012,Tondo South,Capital District,Metro Manila,
1013,Tondo I/II,Capital District,Metro Manila,1380601000
1013,Tondo North,Capital District,Metro Manila,
1014,Sta Cruz North,Capital District,Metro Manila,
1015,Sampaloc,Capital District,Metro Manila,1380606000
1015,Sampaloc West,Capital District,Metro Manila,
1016,Sta Mesa,Capital District,Metro Manila,
1017,San Andres Bukid,Capital District,Metro Manila,
1018,Port Area,Capital District,Metro Manila,1380613000
1018,Port Area (South),Capital District,Metro Manila,
1035,Santa Mesa P.O. Box,,,
1040,Santa Cruz P.O. Box,,,
1045,Ermita,,,1380608000
1050,Manila CPO-PO Box# 1000 to 1099,,,
1051,Manila CPO-PO Box# 1100 to 1199,,,
1052,Manila CPO-PO Box# 1200 to 1299,,,
1053,Manila CPO-PO Box# 1300 to 1399,,,
1054,Manila CPO-PO Box# 1400 to 1499,,,
1055,Manila CPO-PO Box# 1500 to 1599,,,
1056,Manila CPO-PO Box# 1600 to 1699,,,
1057,Manila CPO-PO Box# 1700 to 1799,,,
1058,Manila CPO-PO Box# 1800 to 1899,,,
1059,Manila CPO-PO Box# 1900 to 1999,,,
1060,Manila CPO-PO Box# 2000 to 2099,,,
1061,Manila CPO-PO Box# 2100 to 2199,,,
1062,Manila CPO-PO Box# 2200 to 2299,,,
1063,Manila CPO-PO Box# 2300 to 2399,,,
1064,Manila CPO-PO Box# 2400 to 2499,,,
1065,Manila CPO-PO Box# 2500 to 2599,,,
1066,Manila CPO-PO Box# 2600 to 2699,,,
1067,Manila CPO-PO Box# 2700 to 2799,,,
1068,Manila CPO-PO Box# 2800 to 2899,,,
1069,Manila CPO-PO Box# 2900 to 2999,,,
1070,Manila CPO-PO Box# 3000 to 3099,,,
1071,Manila CPO-PO Box# 3100 to 3199,,,
1072,Manila CPO-PO Box# 3200 to 3299,,,
1073,Manila CPO-PO Box# 3300 to 3399,,,
1074,Manila CPO-PO Box# 3400 to 3499,,,
1075,Manila CPO-PO Box# 3500 to 3599,,,
1076,Manila CPO-PO Box# 3600 to 3699,,,
1077,Manila CPO-PO Box# 3700 to 3799,,,
1078,Manila CPO-PO Box# 3800 to 3899,,,
1079,Manila CPO-PO Box# 3900 to 3999,,,
1080,Manila CPO-PO Box# 4000 to 4099,,,
1081,Manila CPO-PO Box# 4100 to 4199,,,
1082,Manila CPO-PO Box# 4200 to 4299,,,
1083,Manila CPO-PO Box# 4300 to 4399,,,
1084,Manila CPO-PO Box# 4400 to 4499,,,
1085,Manila CPO-PO Box# 4500 to 4599,,,
1086,Manila CPO-PO Box# 4600 to 4699,,,
1087,Manila CPO-PO Box# 4700 to 4799,,,
1088,Manila CPO-PO Box# 4800 to 4899,,,
1089,Manila CPO-PO Box# 4900 to 4999,,,
1090,Manila CPO-PO Box# 5000 to 5099,,,
1091,Manila CPO-PO Box# 5100 to 5199,,,
1092,Manila CPO-PO Box# 5200 to 5299,,,
1093,Manila CPO-PO Box# 5300 to 5399,,,
1094,Manila CPO-PO Box# 5400 to 5499,,,
1095,Manila CPO-PO Box# 5500 to 5599,,,
1096,Manila CPO-PO Box# 5600 to 5699,,,
1099,Alcantara,,,
1100,Central,Eastern Manila District,Metro Manila,
1100,Piñahan,Eastern Manila District,Metro Manila,
1100,Project 6,Eastern Manila District,Metro Manila,
1100,Quezon City,Eastern Manila District,Metro Manila,1381300000
1100,Quezon City CPO,Eastern Manila District,Metro Manila,
1101,Botocan,Eastern Manila District,Metro Manila,
1101,Diliman,Eastern Manila District,Metro Manila,
1101,Krus Na Ligas,Eastern Manila District,Metro Manila,
1101,Malaya,Eastern Manila District,Metro Manila,
1101,Old Capitol Site,Eastern Manila District,Metro Manila,
1101,San Vicente,Eastern Manila District,Metro Manila,
1101,Sikatuna Village,Eastern Manila District,Metro Manila,
1101,Teachers Village,Eastern Manila District,Metro Manila,
1101,Univ. of the Phils. PO,Eastern Manila District,Metro Manila,
1101,UP Village,Eastern Manila District,Metro Manila,
1102,Amihan,Eastern Manila District,Metro Manila,
1102,Claro,Eastern Manila District,Metro Manila,
1102,Duyan-duyan,Eastern Manila District,Metro Manila,
1102,E. Rodriguez,Eastern Manila District,Metro Manila,
1102,Kamias,Eastern Manila District,Metro Manila,
1102,Quirino Dist. (Proj. 2 & 3),Eastern Manila District,Metro Manila,
1102,Silangan,Eastern Manila District,Metro Manila,
1103,Kamuning,Eastern Manila District,Metro Manila,
1103,Langing Handa,Eastern Manila District,Metro Manila,
1103,Obrero,Eastern Manila District,Metro Manila,
1103,Paligsahan,Eastern Manila District,Metro Manila,
1103,Roxas District,Eastern Manila District,Metro Manila,
1103,Sacred Heart,Eastern Manila District,Metro Manila,
1103,South Triangle,Eastern Manila District,Metro Manila,
1104,Damayan,Eastern Manila District,Metro Manila,
1104,Mariblo,Eastern Manila District,Metro Manila,
1104,Nayon Kaunlaran,Eastern Manila District,Metro Manila,
1104,Paraiso,Eastern Manila District,Metro Manila,
1104,Phil-am,Eastern Manila District,Metro Manila,
1104,Santa Cruz,Eastern Manila District,Metro Manila,
1104,Talayan,Eastern Manila District,Metro Manila,
1105,Alicia,Eastern Manila District,Metro Manila,
1105,Bagong Pag-asa,Eastern Manila District,Metro Manila,
1105,Bungad,Eastern Manila District,Metro Manila,
1105,Del Monte,Eastern Manila District,Metro Manila,
1105,Katipunan,Eastern Manila District,Metro Manila,
1105,Paltok,Eastern Manila District,Metro Manila,
1105,Project 7,Eastern Manila District,Metro Manila,
1105,R. Magsaysay,Eastern Manila District,Metro Manila,
1105,San Antonio,Eastern Manila District,Metro Manila,
1105,Santo Cristo,Eastern Manila District,Metro Manila,
1105,Veterans Village,Eastern Manila District,Metro Manila,
1106,Apolonio Samson,Eastern Manila District,Metro Manila,
1106,Baesa,Eastern Manila District,Metro Manila,
1106,Bahay Toro,Eastern Manila District,Metro Manila,
1106,Balintawak,Eastern Manila District,Metro Manila,
1106,Balumbato,Eastern Manila District,Metro Manila,
1106,Project 8,Eastern Manila District,Metro Manila,
1106,Salumbato,Eastern Manila District,Metro Manila,
1106,Unang Sigaw,Eastern Manila District,Metro Manila,
1107,New Era,Eastern Manila District,Metro Manila,
1107,Pasong Tamo,Eastern Manila District,Metro Manila,
1108,Loyola Heights,Eastern Manila District,Metro Manila,
1108,Pansol,Eastern Manila District,Metro Manila,
1109,Bagong Buhay,Eastern Manila District,Metro Manila,
1109,Bayanihan,Eastern Manila District,Metro Manila,
1109,Blue Ridge,Eastern Manila District,Metro Manila,
1109,Cubao,Eastern Manila District,Metro Manila,
1109,Dioquino Zobel,Eastern Manila District,Metro Manila,
1109,Escopa,Eastern Manila District,Metro Manila,
1109,Mangga,Eastern Manila District,Metro Manila,
1109,Marilag,Eastern Manila District,Metro Manila,
1109,Masagana,Eastern Manila District,Metro Manila,
1109,Milagrosa,Eastern Manila District,Metro Manila,
1109,Project 4,Eastern Manila District,Metro Manila,
1109,San Roque,Eastern Manila District,Metro Manila,
1109,Socorro,Eastern Manila District,Metro Manila,
1109,Tagumpay,Eastern Manila District,Metro Manila,
1109,Villa Maria Clara,Eastern Manila District,Metro Manila,
1110,Bagong Bayan,Eastern Manila District,Metro Manila,
1110,Camp Aguinaldo,Eastern Manila District,Metro Manila,
1110,Libis,Eastern Manila District,Metro Manila,
1110,St. Ignatius,Eastern Manila District,Metro Manila,
1110,Talampas,Eastern Manila District,Metro Manila,
1110,Ugong Norte,Eastern Manila District,Metro Manila,
1111,Bagong Lipunan,Eastern Manila District,Metro Manila,
1111,Crame,Eastern Manila District,Metro Manila,
1111,Immaculate Concepcion,Eastern Manila District,Metro Manila,
1111,Kaunlaran,Eastern Manila District,Metro Manila,
1111,Pinagkaisahan,Eastern Manila District,Metro Manila,
1111,St. Martin De Porres,Eastern Manila District,Metro Manila,
1112,Damayan Lagi,Eastern Manila District,Metro Manila,
1112,Horseshoe,Eastern Manila District,Metro Manila,
1112,Kalusugan,Eastern Manila District,Metro Manila,
1112,Kristong Hari,Eastern Manila District,Metro Manila,
1112,Mariana,Eastern Manila District,Metro Manila,
1112,Valencia,Eastern Manila District,Metro Manila,
1113,Don Manuel,Eastern Manila District,Metro Manila,
1113,Doña Aurora,Eastern Manila District,Metro Manila,
1113,Doña Imelda,Eastern Manila District,Metro Manila,
1113,Doña Josefa,Eastern Manila District,Metro Manila,
1113,San Isidro,Eastern Manila District,Metro Manila,
1113,Santo Nino,Eastern Manila District,Metro Manila,
1113,Santol,Eastern Manila District,Metro Manila,
1113,Tatalon,Eastern Manila District,Metro Manila,
1114,Gintong Silahis,Eastern Manila District,Metro Manila,
1114,La Loma,Eastern Manila District,Metro Manila,
1114,Lourdes,Eastern Manila District,Metro Manila,
1114,Maharlika,Eastern Manila District,Metro Manila,
1114,Matalahib,Eastern Manila District,Metro Manila,
1114,Paang Bundok,Eastern Manila District,Metro Manila,
1114,Salvacion,Eastern Manila District,Metro Manila,
1114,San Isidro Labrador,Eastern Manila District,Metro Manila,
1114,Santa Teresita,Eastern Manila District,Metro Manila,
1114,Sienna,Eastern Manila District,Metro Manila,
1114,St. Peter,Eastern Manila District,Metro Manila,
1115,Balingasa,Eastern Manila District,Metro Manila,
1115,Damar,Eastern Manila District,Metro Manila,
1115,Manresa,Eastern Manila District,Metro Manila,
1115,Masambong,Eastern Manila District,Metro Manila,
1115,Pag-ibig Sa Nayon,Eastern Manila District,Metro Manila,
1115,San Jose,Eastern Manila District,Metro Manila,
1116,Bagbag,Eastern Manila District,Metro Manila,
1116,San Bartolome,Eastern Manila District,Metro Manila,
1116,Sangandaan,Eastern Manila District,Metro Manila,
1116,Sauyo,Eastern Manila District,Metro Manila,
1116,Talipapa,Eastern Manila District,Metro Manila,
1116,Tandang Sora,Eastern Manila District,Metro Manila,
1117,Capri,Eastern Manila District,Metro Manila,
1117,Gulod,Eastern Manila District,Metro Manila,
1117,San Agustin,Eastern Manila District,Metro Manila,
1117,Santa Lucia,Eastern Manila District,Metro Manila,
1117,Santa Monica,Eastern Manila District,Metro Manila,
1118,Fairview,Eastern Manila District,Metro Manila,
1118,Pasong Putik,Eastern Manila District,Metro Manila,
1119,Bagong Silangan,Eastern Manila District,Metro Manila,
1119,Matandang Balara,Eastern Manila District,Metro Manila,
1119,Payatas,Eastern Manila District,Metro Manila,
1120,BF Homes,Eastern Manila District,Metro Manila,
1121,Commonwealth,Eastern Manila District,Metro Manila,
1121,Fairview North,Eastern Manila District,Metro Manila,
1121,Novaliches Proper,Eastern Manila District,Metro Manila,
1122,Fairview South,Eastern Manila District,Metro Manila,
1123,Damong Maliit,Eastern Manila District,Metro Manila,
1124,Kaligayahan,Eastern Manila District,Metro Manila,
1125,Doña Faustina Subd,Eastern Manila District,Metro Manila,
1125,Nagkaisang Nayon,Eastern Manila District,Metro Manila,
1126,Batasan Hills,Eastern Manila District,Metro Manila,
1126,Capitol Hills/Park,Eastern Manila District,Metro Manila,
1127,Holy Spirit,Eastern Manila District,Metro Manila,
1128,Culiat,Eastern Manila District,Metro Manila,
1128,Vasra,Eastern Manila District,Metro Manila,
1135,Araneta Center P.O. Boxes,,,
1138,Murphy District P.O. Boxes,,,
1141,Broadway Center P.O. Boxes,,,
1144,University of the Philippines P.O. Boxes,,,
1147,Novaliches P.O. Boxes,,,
1150,Quezon City CPO - P.O. Box Nos. 1000 to 1099,,,
1151,Quezon City CPO - P.O. Box Nos. 1100 to 1199,,,
1152,Quezon City CPO - P.O. Box Nos. 1200 to 1299,,,
1153,Quezon City CPO - P.O. Box Nos. 1300 to 1399,,,
1154,Quezon City CPO - P.O. Box Nos. 1400 to 1499,,,
1155,Quezon City CPO - P.O. Box Nos. 1500 to 1599,,,
1156,Quezon City CPO - P.O. Box Nos. 1600 to 1699,,,
1157,Quezon City CPO - P.O. Box Nos. 1700 to 1799,,,
1158,Quezon City CPO - P.O. Box Nos. 1800 to 1899,,,
1159,Quezon City CPO - P.O. Box Nos. 1900 to 1999,,,
1160,Quezon City CPO - P.O. Box Nos. 2000 to 2099,,,
1161,Quezon City CPO - P.O. Box Nos. 2100 to 2199,,,
1162,Quezon City CPO - P.O. Box Nos. 2200 to 2299,,,
1163,Quezon City CPO - P.O. Box Nos. 2300 to 2399,,,
1164,Quezon City CPO - P.O. Box Nos. 2400 to 2499,,,
1165,Quezon City CPO - P.O. Box Nos. 2500 to 2599,,,
1166,Quezon City CPO - P.O. Box Nos. 2600 to 2699,,,
1167,Quezon City CPO - P.O. Box Nos. 2700 to 2799,,,
1168,Quezon City CPO - P.O. Box Nos. 2800 to 2899,,,
1169,Quezon City CPO - P.O. Box Nos. 2900 to 2999,,,
1170,Quezon City CPO - P.O. Box Nos. 3000 to 3099,,,
1171,Quezon City CPO - P.O. Box Nos. 3100 to 3199,,,
1172,Quezon City CPO - P.O. Box Nos. 3200 to 3299,,,
1173,Quezon City CPO - P.O. Box Nos. 3300 to 3399,,,
1174,Quezon City CPO - P.O. Box Nos. 3400 to 3499,,,
1175,Quezon City CPO - P.O. Box Nos. 3500 to 3599,,,
1176,Quezon City CPO - P.O. Box Nos. 3600 to 3699,,,
1177,Quezon City CPO - P.O. Box Nos. 3700 to 3799,,,
1200,Makati CPO (Inc. Buendia Up To Edsa),Southern Manila District,Metro Manila,1380300000
1201,Fort Bonifacio (Camp),Southern Manila District,Metro Manila,1380300000
1202,Fort Bonifacio Naval Stn.,Southern Manila District,Metro Manila,1380300000
1203,San Antonio Village (Inc. Malugay-Yakal),Southern Manila District,Metro Manila,1380300000
1204,La Paz-Singkamas-Tejeros,Southern Manila District,Metro Manila,1380300000
1205,Sta. Cruz,Southern Manila District,Metro Manila,1380300000
1206,Kasilawan,Southern Manila District,Metro Manila,1380300000
1207,Olympia And Carmona,Southern Manila District,Metro Manila,1380300000
1208,"Valenzuela (Inc. Santiago, San Miguel & Rizal Vill.)",Southern Manila District,Metro Manila,1380300000
1209,Bel-air,Southern Manila District,Metro Manila,1380300000
1210,Poblacion,Southern Manila District,Metro Manila,1380300000
1211,Guadalupe Viejo (Inc. Palm Village),Southern Manila District,Metro Manila,1380300000
1212,Guadalupe Nuevo (Inc. Visayan Village),Southern Manila District,Metro Manila,1380300000
1213,Pinagkaisahan-pitogo,Southern Manila District,Metro Manila,1380300000
1214,Cembo,Southern Manila District,Metro Manila,1380300000
1215,Rembo(west),Southern Manila District,Metro Manila,1380300000
1216,Rembo (East) & Malapad Na Bato,Southern Manila District,Metro Manila,1380300000
1217,Comembo,Southern Manila District,Metro Manila,1380300000
1218,Pembo,Southern Manila District,Metro Manila,1380300000
1219,Forbes Park North,Southern Manila District,Metro Manila,1380300000
1220,Forbes Park South,Southern Manila District,Metro Manila,1380300000
1221,Dasmarinas Village North,Southern Manila District,Metro Manila,1380300000
1222,Dasmarinas Village South,Southern Manila District,Metro Manila,1380300000
1223,San Lorenzo Village,Southern Manila District,Metro Manila,1380300000
1224,Makati Commercial Center,Southern Manila District,Metro Manila,1380300000
1225,Urdaneta Village,Southern Manila District,Metro Manila,1380300000
1226,Ayala-Paseo De Roxas,Southern Manila District,Metro Manila,1380300000
1227,Salcedo Village,Southern Manila District,Metro Manila,1380300000
1228,Greenbelt,Southern Manila District,Metro Manila,1380300000
1229,Legaspi Village,Southern Manila District,Metro Manila,1380300000
1230,Pio Del Pilar,Southern Manila District,Metro Manila,1380300000
1231,"Pasong Tamo 2000 Up, Ecology Village",Southern Manila District,Metro Manila,1380300000
1232,Magallanes Village,Southern Manila District,Metro Manila,1380300000
1233,Bangkal,Southern Manila District,Metro Manila,1380300000
1234,San Isidro,Southern Manila District,Metro Manila,1380300000
1235,Palanan,Southern Manila District,Metro Manila,1380300000
1250,Makati CPO-PO Box# 1000 to 1099,,,
1251,Makati CPO-PO Box# 1100 to 1199,,,
1252,Makati CPO-PO Box# 1200 to 1299,,,
1253,Makati CPO-PO Box# 1300 to 1399,,,
1254,Makati CPO-PO Box# 1400 to 1499,,,
1255,Makati CPO-PO Box# 1500 to 1599,,,
1256,Makati CPO-PO Box# 1600 to 1699,,,
1257,Makati CPO-PO Box# 1700 to 1799,,,
1258,Makati CPO-PO Box# 1800 to 1899,,,
1259,Makati CPO-PO Box# 1900 to 1999,,,
1260,Makati CPO-PO Box# 2000 to 2099,,,
1261,Makati CPO-PO Box# 2100 to 2199,,,
1262,Makati CPO-PO Box# 2200 to 2299,,,
1263,Makati CPO-PO Box# 2300 to 2399,,,
1264,Makati CPO-PO Box# 2400 to 2499,,,
1265,Makati CPO-PO Box# 2500 to 2599,,,
1266,Makati CPO-PO Box# 2600 to 2699,,,
1267,Makati CPO-PO Box# 2700 to 2799,,,
1268,Makati CPO-PO Box# 2800 to 2899,,,
1269,Makati CPO-PO Box# 2900 to 2999,,,
1270,Makati CPO-PO Box# 3000 to 3099,,,
1271,Makati CPO-PO Box# 3100 to 3199,,,
1272,Makati CPO-PO Box# 3200 to 3299,,,
1273,Makati CPO-PO Box# 3300 to 3399,,,
1274,Makati CPO-PO Box# 3400 to 3499,,,
1275,Makati CPO-PO Box# 3500 to 3599,,,
1276,Makati CPO-PO Box# 3600 to 3699,,,
1277,Makati CPO-PO Box# 3700 to 3799,,,
1278,Makati CPO-PO Box# 3800 to 3899,,,
1279,Makati CPO-PO Box# 3900 to 3999,,,
1280,Makati CPO-PO Box# 4000 to 4099,,,
1281,Makati CPO-PO Box# 4100 to 4199,,,
1282,Makati CPO-PO Box# 4200 to 4299,,,
1283,Makati CPO-PO Box# 4300 to 4399,,,
1284,Makati CPO-PO Box# 4400 to 4499,,,
1285,Makati CPO-PO Box# 4500 to 4599,,,
1286,Makati CPO-PO Box# 4600 to 4699,,,
1287,Makati CPO-PO Box# 4700 to 4799,,,
1288,Makati CPO-PO Box# 4800 to 4899,,,
1289,Makati CPO-PO Box# 4900 to 4999,,,
1290,Makati CPO-PO Box# 5000 to 5099,,,
1291,Makati CPO-PO Box# 5100 to 5199,,,
1292,Makati CPO-PO Box# 5200 to 5299,,,
1293,Makati CPO-PO Box# 5300 to 5399,,,
1294,Makati CPO-PO Box# 5400 to 5499,,,
1295,Makati CPO-PO Box# 5500 to 5599,,,
1296,Makati CPO-PO Box# 5600 to 5699,,,
1297,Makati CPO-PO Box# 5700 to 5799,,,
1298,Makati CPO-PO Box# 5800 to 5899,,,
1299,Makati CPO-PO Box# 5900 to 5999,,,
1300,Pasay City CPO Malibay,Southern Manila District,Metro Manila,1381100000
1301,Domestic Airport Po,Southern Manila District,Metro Manila,1381100000
1302,San Rafael,Southern Manila District,Metro Manila,1381100000
1303,San Roque,Southern Manila District,Metro Manila,1381100000
1304,Santa Clara,Southern Manila District,Metro Manila,1381100000
1305,San Jose,Southern Manila District,Metro Manila,1381100000
1306,San Isidro,Southern Manila District,Metro Manila,1381100000
1307,PICC (Reclamation Area),Southern Manila District,Metro Manila,1381100000
1308,Manila Bay (Reclamation),Southern Manila District,Metro Manila,1381100000
1309,Villamor Airbase,Southern Manila District,Metro Manila,1381100000
1350,Pasay City CPO - P.O. Box Nos. 1000 to 1099,,,
1351,Pasay City CPO - P.O. Box Nos. 1100 to 1199,,,
1352,Pasay City CPO - P.O. Box Nos. 1200 to 1299,,,
1353,Pasay City CPO - P.O. Box Nos. 1300 to 1399,,,
1354,Pasay City CPO - P.O. Box Nos. 1400 to 1499,,,
1375,Domestic Airport P.O. - P.O. Box Nos. 1000 to 1099,,,
1376,Domestic Airport P.O. - P.O. Box Nos. 1100 to 1199,,,
1377,Domestic Airport P.O. - P.O. Box Nos. 1200 to 1299,,,
1378,Domestic Airport P.O. - P.O. Box Nos. 1300 to 1399,,,
1379,Domestic Airport P.O. - P.O. Box Nos. 1400 to 1499,,,
1380,Domestic Airport P.O. - P.O. Box Nos. 1500 to 1599,,,
1381,Domestic Airport P.O. - P.O. Box Nos. 1600 to 1699,,,
1400,Caloocan City CPO,Northern Manila District,Metro Manila,1380100000
1401,Baesa,Northern Manila District,Metro Manila,1380100000
1402,Santa Quiteria,Northern Manila District,Metro Manila,1380100000
1403,Grace Park East,Northern Manila District,Metro Manila,1380100000
1404,San Jose,Northern Manila District,Metro Manila,1380100000
1405,1st Ave. to 7th Ave. - West,Northern Manila District,Metro Manila,1380100000
1406,Grace Park West,Northern Manila District,Metro Manila,1380100000
1407,University Hills,Northern Manila District,Metro Manila,1380100000
1408,Sangandaan,Northern Manila District,Metro Manila,1380100000
1409,Kaunlaran Village,Northern Manila District,Metro Manila,1380400000
1410,Maypajo,Northern Manila District,Metro Manila,1380100000
1411,Fish Market,Northern Manila District,Metro Manila,1380900000
1412,Isla de Cocomo,Northern Manila District,Metro Manila,1380100000
1412,Isla De Cocomo,Northern Manila District,Metro Manila,1380900000
1413,Kapitbahayan East,Northern Manila District,Metro Manila,1380900000
1420,Kaybiga/Deparo,Northern Manila District,Metro Manila,1380100000
1421,Bagumbong / Pag-asa,Northern Manila District,Metro Manila,1380100000
1422,Novaliches North (Camarin North),Northern Manila District,Metro Manila,1380100000
1423,Lilles Ville Subdivision,Northern Manila District,Metro Manila,1380100000
1424,Capitol Parkland Subdivision,Northern Manila District,Metro Manila,1380100000
1425,Amparo Subdivision,Northern Manila District,Metro Manila,1380100000
1426,Bankers Village,Northern Manila District,Metro Manila,1380100000
1427,Tala Leprosarium,Northern Manila District,Metro Manila,1380100000
1427,Victory Heights,Northern Manila District,Metro Manila,1380100000
1428,Bagong Silang,Northern Manila District,Metro Manila,1380100000
1440,Valenzuela CPO - Malinta,Northern Manila District,Metro Manila,1381600000
1441,Karuhatan,Northern Manila District,Metro Manila,1381600000
1442,Fortune Vil. - Paso De Blas - Gen. T. De Leon,Northern Manila District,Metro Manila,1381600000
1443,Dalandan - West Canumay,Northern Manila District,Metro Manila,1381600000
1444,Arkong Bato-Rincon-Pasolo-Malanday-Mabolo-Polo,Northern Manila District,Metro Manila,1381600000
1445,Balangkas-Caloong,Northern Manila District,Metro Manila,1381600000
1446,Lingunan,Northern Manila District,Metro Manila,1381600000
1447,East Canumay - Lawang Bato Punturin,Northern Manila District,Metro Manila,1381600000
1448,Mapulang Lupa,Northern Manila District,Metro Manila,1381600000
1469,Valenzuela P.O. Boxes,Northern Manila District,Metro Manila,1381600000
1470,Malabon,Northern Manila District,Metro Manila,1380400000
1471,Flores,Northern Manila District,Metro Manila,1380400000
1472,Longos,Northern Manila District,Metro Manila,1380400000
1473,Tonsuya,Northern Manila District,Metro Manila,1380400000
1474,Acacia,Northern Manila District,Metro Manila,1380400000
1475,Potrero,Northern Manila District,Metro Manila,1380400000
1476,Araneta Subdivision,Northern Manila District,Metro Manila,1380400000
1477,Maysilo,Northern Manila District,Metro Manila,1380400000
1478,Santolan,Northern Manila District,Metro Manila,1380400000
1479,Muzon,Northern Manila District,Metro Manila,1380400000
1480,Dampalit,Northern Manila District,Metro Manila,1380400000
1485,Navotas,Northern Manila District,Metro Manila,1380900000
1489,Tangos,Northern Manila District,Metro Manila,1380900000
1490,Tanza,Northern Manila District,Metro Manila,1380900000
1500,San Juan City,Eastern Manila District,Metro Manila,1381400000
1500,San Juan CPO,Eastern Manila District,Metro Manila,
1502,Greenhills PO,Eastern Manila District,Metro Manila,
1502,San Juan City,Eastern Manila District,Metro Manila,1381400000
1503,Greenhills North,Eastern Manila District,Metro Manila,
1503,San Juan City,Eastern Manila District,Metro Manila,1381400000
1504,Eisenhower-Crame,Eastern Manila District,Metro Manila,
1504,San Juan City,Eastern Manila District,Metro Manila,1381400000
1530,Greenhills P.O. Box Nos. 1000 to 1099,,,
1531,Greenhills P.O. Box Nos. 1100 to 1199,,,
1532,Greenhills P.O. Box Nos. 1200 to 1299,,,
1533,Greenhills P.O. Box Nos. 1300 to 1399,,,
1534,Greenhills P.O. Box Nos. 1400 to 1499,,,
1535,Greenhills P.O. Box Nos. 1500 to 1599,,,
1536,Greenhills P.O. Box Nos. 1600 to 1699,,,
1550,Mandaluyong CPO,Eastern Manila District,Metro Manila,1380500000
1551,Vergara,Eastern Manila District,Metro Manila,1380500000
1552,Shaw Boulevard,Eastern Manila District,Metro Manila,1380500000
1553,Phil. Natl. Mental Hospital,Eastern Manila District,Metro Manila,1380500000
1554,East Edsa,Eastern Manila District,Metro Manila,1380500000
1555,Wack Wack Golf,Eastern Manila District,Metro Manila,1380500000
1556,Greenhills South,Eastern Manila District,Metro Manila,1380500000
1600,Pasig CPO,Eastern Manila District,Metro Manila,1381200000
1601,San Joaquin,Eastern Manila District,Metro Manila,1381200000
1602,Pinagbuhatan,Eastern Manila District,Metro Manila,1381200000
1603,Kapitolyo,Eastern Manila District,Metro Manila,1381200000
1604,Ugong,Eastern Manila District,Metro Manila,1381200000
1605,Ortigas PO,Eastern Manila District,Metro Manila,1381200000
1606,Caniogan,Eastern Manila District,Metro Manila,1381200000
1607,Maybunga,Eastern Manila District,Metro Manila,1381200000
1608,Sta. Lucia,Eastern Manila District,Metro Manila,1381200000
1609,Rosario,Eastern Manila District,Metro Manila,1381200000
1610,Santolan,Eastern Manila District,Metro Manila,1381200000
1611,Manggahan,Eastern Manila District,Metro Manila,1381200000
1612,Green Park,Eastern Manila District,Metro Manila,1381200000
1620,Aguho,Southern Manila District,Metro Manila,1381701000
1621,Sta. Ana,Southern Manila District,Metro Manila,1381701000
1630,Bicutan Western,Southern Manila District,Metro Manila,1381500000
1631,Bicutan,Southern Manila District,Metro Manila,1381500000
1632,Bicutan Lower,Southern Manila District,Metro Manila,1381500000
1633,Bicutan Upper,Southern Manila District,Metro Manila,1381500000
1634,Nichols - Mckinley,Southern Manila District,Metro Manila,1381500000
1635,Bonifacio Global City,Southern Manila District,Metro Manila,1381500000
1636,Bay Breeze Exec. Village,Southern Manila District,Metro Manila,1381500000
1637,Tuktukan,Southern Manila District,Metro Manila,1381500000
1638,Ligid,Southern Manila District,Metro Manila,1381500000
1639,Ususan,Southern Manila District,Metro Manila,1381500000
1650,Pasig Ortigas CTR-PO Box# 1000 to 1099,,,
1651,Pasig Ortigas CTR-PO Box# 1100 to 1199,,,
1652,Pasig Ortigas CTR-PO Box# 1200 to 1299,,,
1653,Pasig Ortigas CTR-PO Box# 1300 to 1399,,,
1654,Pasig Ortigas CTR-PO Box# 1400 to 1499,,,
1655,Pasig Ortigas CTR-PO Box# 1500 to 1599,,,
1656,Pasig Ortigas CTR-PO Box# 1600 to 1699,,,
1657,Pasig Ortigas CTR-PO Box# 1700 to 1799,,,
1658,Pasig Ortigas CTR-PO Box# 1800 to 1899,,,
1659,Pasig Ortigas CTR-PO Box# 1900 to 1999,,,
1660,Pasig Ortigas CTR-PO Box# 2000 to 2099,,,
1661,Pasig Ortigas CTR-PO Box# 2100 to 2199,,,
1662,Pasig Ortigas CTR-PO Box# 2200 to 2299,,,
1663,Pasig Ortigas CTR-PO Box# 2300 to 2399,,,
1664,Pasig Ortigas CTR-PO Box# 2400 to 2499,,,
1665,Pasig Ortigas CTR-PO Box# 2500 to 2599,,,
1666,Pasig Ortigas CTR-PO Box# 2600 to 2699,,,
1667,Pasig Ortigas CTR-PO Box# 2700 to 2799,,,
1668,Pasig Ortigas CTR-PO Box# 2800 to 2899,,,
1669,Pasig Ortigas CTR-PO Box# 2900 to 2999,,,
1670,Pasig Ortigas CTR-PO Box# 3000 to 3099,,,
1671,Pasig Ortigas CTR-PO Box# 3100 to 3199,,,
1672,Pasig Ortigas CTR-PO Box# 3200 to 3299,,,
1673,Pasig Ortigas CTR-PO Box# 3300 to 3399,,,
1674,Pasig Ortigas CTR-PO Box# 3400 to 3499,,,
1675,Pasig Ortigas CTR-PO Box# 3500 to 3599,,,
1676,Pasig Ortigas CTR-PO Box# 3600 to 3699,,,
1677,Pasig Ortigas CTR-PO Box# 3700 to 3799,,,
1678,Pasig Ortigas CTR-PO Box# 3800 to 3899,,,
1679,Pasig Ortigas CTR-PO Box# 3900 to 3999,,,
1680,Pasig Ortigas CTR-PO Box# 4000 to 4099,,,
1681,Pasig Ortigas CTR-PO Box# 4100 to 4199,,,
1682,Pasig Ortigas CTR-PO Box# 4200 to 4299,,,
1683,Pasig Ortigas CTR-PO Box# 4300 to 4399,,,
1684,Pasig Ortigas CTR-PO Box# 4400 to 4499,,,
1685,Pasig Ortigas CTR-PO Box# 4500 to 4599,,,
1686,Pasig Ortigas CTR-PO Box# 4600 to 4699,,,
1687,Pasig Ortigas CTR-PO Box# 4700 to 4799,,,
1688,Pasig Ortigas CTR-PO Box# 4800 to 4899,,,
1689,Pasig Ortigas CTR-PO Box# 4900 to 4999,,,
1690,Pasig Ortigas CTR-PO Box# 5000 to 5099,,,
1691,Pasig Ortigas CTR-PO Box# 5100 to 5199,,,
1692,Pasig Ortigas CTR-PO Box# 5200 to 5299,,,
1693,Pasig Ortigas CTR-PO Box# 5300 to 5399,,,
1694,Pasig Ortigas CTR-PO Box# 5400 to 5499,,,
1695,Pasig Ortigas CTR-PO Box# 5500 to 5599,,,
1696,Pasig Ortigas CTR-PO Box# 5600 to 5699,,,
1697,Pasig Ortigas CTR-PO Box# 5700 to 5799,,,
1698,Pasig Ortigas CTR-PO Box# 5800 to 5899,,,
1699,Pasig Ortigas CTR-PO Box# 5900 to 5999,,,
1700,Parañaque Cpo,Southern Manila District,Metro Manila,1381000000
1701,Tambo,Southern Manila District,Metro Manila,1381000000
1702,Baclaran,Southern Manila District,Metro Manila,1381000000
1703,Marina Subd. (Reclamation),Southern Manila District,Metro Manila,1381000000
1704,Sto. Nino,Southern Manila District,Metro Manila,1381000000
1705,Ninoy Aquino Int’l. Airport,Southern Manila District,Metro Manila,1381000000
1706,Pulo,Southern Manila District,Metro Manila,1381000000
1707,San Antonio Valley 11 & 12,Southern Manila District,Metro Manila,1381000000
1708,Multinational Village,Southern Manila District,Metro Manila,1381000000
1709,Merville Park,Southern Manila District,Metro Manila,1381000000
1709,Moonwalk,Southern Manila District,Metro Manila,1381000000
1709,South Admiral Village,Southern Manila District,Metro Manila,1381000000
1710,Executive Heights Subd.,Southern Manila District,Metro Manila,1381000000
1711,Better Living Subdivision,Southern Manila District,Metro Manila,1381000000
1712,Miramar Subdivision,Southern Manila District,Metro Manila,1381000000
1713,United Subd.,Southern Manila District,Metro Manila,1381000000
1714,Aeropark Subdivision,Southern Manila District,Metro Manila,1381000000
1714,Ireneville Ii,Southern Manila District,Metro Manila,1381000000
1715,San Antonio Valley I,Southern Manila District,Metro Manila,1381000000
1716,Maywood Village Ii,Southern Manila District,Metro Manila,1381000000
1717,Manila Memorial Park,Southern Manila District,Metro Manila,1381000000
1718,Bf Homes 2,Southern Manila District,Metro Manila,1381000000
1719,Ireneville Subdivision I & Ii,Southern Manila District,Metro Manila,1381000000
1719,Maywood I,Southern Manila District,Metro Manila,1381000000
1720,Bf Homes 1,Southern Manila District,Metro Manila,1381000000
1740,Las Piñas CPO,Southern Manila District,Metro Manila,1380200000
1741,Remarville Subdivision,Southern Manila District,Metro Manila,1380200000
1742,Pulang Lupa,Southern Manila District,Metro Manila,1380200000
1742,Zapote,Southern Manila District,Metro Manila,1380200000
1743,Cut-cut,Southern Manila District,Metro Manila,1380200000
1744,Manuyo,Southern Manila District,Metro Manila,1380200000
1745,Gatchalian Subdivision,Southern Manila District,Metro Manila,1380200000
1746,Verdant Acres Subdivision,Southern Manila District,Metro Manila,1380200000
1747,"Talon, Moonwalk",Southern Manila District,Metro Manila,1380200000
1748,Manila Doctors Village,Southern Manila District,Metro Manila,1380200000
1749,Angela Village,Southern Manila District,Metro Manila,1380200000
1750,Almanza,Southern Manila District,Metro Manila,1380200000
1751,T. S. Cruz Subdivision,Southern Manila District,Metro Manila,1380200000
1752,Soldiers Hills Subdivision,Southern Manila District,Metro Manila,1380200000
1770,Muntinlupa CPO,Southern Manila District,Metro Manila,1380800000
1771,Bule/Cupang,Southern Manila District,Metro Manila,1380800000
1772,Bayanan/Putatan,Southern Manila District,Metro Manila,1380800000
1773,Tunasan,Southern Manila District,Metro Manila,1380800000
1774,Susana Heights,Southern Manila District,Metro Manila,1380800000
1775,Pearl Heights,Southern Manila District,Metro Manila,1380800000
1776,Poblacion,Southern Manila District,Metro Manila,1380800000
1777,Pleasant Village,Southern Manila District,Metro Manila,1380800000
1780,Ayala Alabang Subdivision,Southern Manila District,Metro Manila,1380800000
1781,Filinvest Corp. City,Southern Manila District,Metro Manila,1380800000
1799,Ayala Alabang P.O. Boxes,Southern Manila District,Metro Manila,1380800000
1800,Marikina CPO - Santa Elena - Santo Niño,Eastern Manila District,Metro Manila,1380700000
1801,San Roque - Calumpang,Eastern Manila District,Metro Manila,1380700000
1802,Industrial Valley,Eastern Manila District,Metro Manila,1380700000
1803,Barangka,Eastern Manila District,Metro Manila,1380700000
1803,Tañong,Eastern Manila District,Metro Manila,1380700000
1804,J. De La Peña,Eastern Manila District,Metro Manila,1380700000
1805,Malanday,Eastern Manila District,Metro Manila,1380700000
1806,Tumana,Eastern Manila District,Metro Manila,1380700000
1807,Concepcion 1,Eastern Manila District,Metro Manila,1380700000
1808,Nangka,Eastern Manila District,Metro Manila,1380700000
1809,Parang,Eastern Manila District,Metro Manila,1380700000
1810,Marikina Heights,Eastern Manila District,Metro Manila,1380700000
1811,Concepcion 2,Eastern Manila District,Metro Manila,1380700000
1812,Fortune,Eastern Manila District,Metro Manila,1380700000
1820,"Bagong Nayon, Cupang, Mambagat, and Mayamot",,,
1850,San Mateo,Province of Rizal,Calabarzon,0405811000
1860,Rodriguez (Montalban),Province of Rizal,Calabarzon,0405808000
1870,Antipolo,Province of Rizal,Calabarzon,0405802000
1871,Mayamot,Province of Rizal,Calabarzon,
1872,Bagong Nayon (Cogeo),Province of Rizal,Calabarzon,
1873,Cupang,Province of Rizal,Calabarzon,
1874,Langhaya,Province of Rizal,Calabarzon,
1875,Mambagat,Province of Rizal,Calabarzon,
1880,Teresa,Province of Rizal,Calabarzon,0405814000
1900,Cainta,Province of Rizal,Calabarzon,0405805000
1910,Pililla,Province of Rizal,Calabarzon,0405810000
1920,Taytay,Province of Rizal,Calabarzon,0405813000
1930,Angono,Province of Rizal,Calabarzon,0405801000
1940,Binangonan,Province of Rizal,Calabarzon,0405804000
1950,Cardona,Province of Rizal,Calabarzon,0405806000
1960,Morong,Province of Rizal,Calabarzon,0405809000
1970,Baras,Province of Rizal,Calabarzon,0405803000
1980,Tanay,Province of Rizal,Calabarzon,0405812000
1990,Jalajala,Province of Rizal,Calabarzon,0405807000
2000,San Fernando,Province of Pampanga,Central Luzon,0305416000
2001,Bacolor,Province of Pampanga,Central Luzon,0305404000
2002,Santa Rita,Province of Pampanga,Central Luzon,0305420000
2003,Guagua,Province of Pampanga,Central Luzon,0305407000
2004,Sasmuan,Province of Pampanga,Central Luzon,0305422000
2005,Lubao,Province of Pampanga,Central Luzon,0305408000
2006,Floridablanca,Province of Pampanga,Central Luzon,0305406000
2007,Basa airbase,Province of Pampanga,Central Luzon,
2008,Porac,Province of Pampanga,Central Luzon,0305415000
2009,Angeles City,Province of Pampanga,Central Luzon,0330100000
2010,Mabalacat,Province of Pampanga,Central Luzon,0305409000
2011,Magalang,Province of Pampanga,Central Luzon,0305411000
2012,Arayat,Province of Pampanga,Central Luzon,0305403000
2013,Candaba,Province of Pampanga,Central Luzon,0305405000
2014,San Luis,Province of Pampanga,Central Luzon,0305417000
2015,San Simon,Province of Pampanga,Central Luzon,0305418000
2016,Apalit,Province of Pampanga,Central Luzon,0305402000
2017,Masantol,Province of Pampanga,Central Luzon,0305412000
2018,Macabebe,Province of Pampanga,Central Luzon,0305410000
2019,Minalin,Province of Pampanga,Central Luzon,0305414000
2020,Santo Tomas,Province of Pampanga,Central Luzon,0305421000
2021,Mexico,Province of Pampanga,Central Luzon,0305413000
2022,Santa Ana,Province of Pampanga,Central Luzon,0305419000
2023,"CSEZ, Clark",Province of Pampanga,Central Luzon,
2024,Balibago,Province of Pampanga,Central Luzon,
2025,"Santa Cruz, Lubao",Province of Pampanga,Central Luzon,
2026,"Dau, Mabalacat",Province of Pampanga,Central Luzon,
2100,Balanga,Province of Bataan,Central Luzon,0300803000
2101,Pilar,Province of Bataan,Central Luzon,0300811000
2102,Orion,Province of Bataan,Central Luzon,0300810000
2103,Limay,Province of Bataan,Central Luzon,0300806000
2104,Lamao,Province of Bataan,Central Luzon,
2105,Mariveles,Province of Bataan,Central Luzon,0300807000
2106,FAB (Freefort Area of  Bataan),Province of Bataan,Central Luzon,
2107,Bagac,Province of Bataan,Central Luzon,0300802000
2108,Morong,Province of Bataan,Central Luzon,0300808000
2109,Cabcaben,Province of Bataan,Central Luzon,
2110,Dinalupihan,Province of Bataan,Central Luzon,0300804000
2111,Hermosa,Province of Bataan,Central Luzon,0300805000
2112,Orani,Province of Bataan,Central Luzon,0300809000
2113,Samal,Province of Bataan,Central Luzon,0300812000
2114,Abucay,Province of Bataan,Central Luzon,0300801000
2133,3 Santa Cruz,,,
2200,Olongapo City,Province of Zambales,Central Luzon,0331400000
2201,Iba,Province of Zambales,Central Luzon,0307105000
2202,Botolan,Province of Zambales,Central Luzon,0307101000
2203,Cabangan,Province of Zambales,Central Luzon,0307102000
2204,San Felipe,Province of Zambales,Central Luzon,0307110000
2205,San Narciso,Province of Zambales,Central Luzon,0307112000
2206,San Antonio,Province of Zambales,Central Luzon,0307109000
2207,San Marcelino,Province of Zambales,Central Luzon,0307111000
2208,Castillejos,Province of Zambales,Central Luzon,0307104000
2209,Subic,Province of Zambales,Central Luzon,0307114000
2210,Palauig,Province of Zambales,Central Luzon,0307108000
2211,Masinloc,Province of Zambales,Central Luzon,0307106000
2212,Candelaria,Province of Zambales,Central Luzon,0307103000
2213,Sta. Cruz,Province of Zambales,Central Luzon,0307113000
2222,Subic Bay Freeport Zone,,,
2300,Tarlac,Province of Tarlac,Central Luzon,0306916000
2301,San Miguel,Province of Tarlac,Central Luzon,
2302,Gerona,Province of Tarlac,Central Luzon,0306906000
2303,Sta. Ignacia,Province of Tarlac,Central Luzon,0306915000
2304,Mayantoc,Province of Tarlac,Central Luzon,0306908000
2305,San Clemente,Province of Tarlac,Central Luzon,0306913000
2306,Camiling,Province of Tarlac,Central Luzon,0306903000
2307,Paniqui,Province of Tarlac,Central Luzon,0306910000
2308,Moncada,Province of Tarlac,Central Luzon,0306909000
2309,San Manuel,Province of Tarlac,Central Luzon,0306914000
2310,Anao,Province of Tarlac,Central Luzon,0306901000
2311,Ramos,Province of Tarlac,Central Luzon,0306912000
2312,Pura,Province of Tarlac,Central Luzon,0306911000
2313,Victoria,Province of Tarlac,Central Luzon,0306917000
2314,La Paz,Province of Tarlac,Central Luzon,0306907000
2315,Capas,Province of Tarlac,Central Luzon,0306904000
2316,Concepcion,Province of Tarlac,Central Luzon,0306905000
2317,Bamban,Province of Tarlac,Central Luzon,0306902000
2318,San Jose,Province of Tarlac,Central Luzon,0306918000
2333,Capas,,,0306904000
2334,Moncada,,,0306909000
2400,Dagupan City,Province of Pangasinan,Ilocos,0105518000
2401,Lingayen,Province of Pangasinan,Ilocos,0105522000
2402,Labrador,Province of Pangasinan,Ilocos,0105521000
2403,Sual,Province of Pangasinan,Ilocos,0105542000
2404,Alaminos,Province of Pangasinan,Ilocos,0105503000
2405,Anda,Province of Pangasinan,Ilocos,0105505000
2406,Bolinao,Province of Pangasinan,Ilocos,0105514000
2407,Bani,Province of Pangasinan,Ilocos,0105508000
2408,Agno,Province of Pangasinan,Ilocos,0105501000
2409,Mabini,Province of Pangasinan,Ilocos,0105523000
2410,Burgos,Province of Pangasinan,Ilocos,0105516000
2411,Dasol,Province of Pangasinan,Ilocos,0105519000
2412,Infanta,Province of Pangasinan,Ilocos,0105520000
2413,Mangatarem,Province of Pangasinan,Ilocos,0105527000
2414,Urbiztondo,Province of Pangasinan,Ilocos,0105545000
2415,Aguilar,Province of Pangasinan,Ilocos,0105502000
2416,Bugallon,Province of Pangasinan,Ilocos,0105515000
2417,Binmaley,Province of Pangasinan,Ilocos,0105513000
2418,Calasiao,Province of Pangasinan,Ilocos,0105517000
2419,Santa Barbara,Province of Pangasinan,Ilocos,0105538000
2420,San Carlos City,Province of Pangasinan,Ilocos,0105532000
2421,Malasiqui,Province of Pangasinan,Ilocos,0105524000
2422,Basista,Province of Pangasinan,Ilocos,0105509000
2423,Bayambang,Province of Pangasinan,Ilocos,0105511000
2424,Bautista,Province of Pangasinan,Ilocos,0105510000
2425,Alcala,Province of Pangasinan,Ilocos,0105504000
2426,SantoTomas,Province of Pangasinan,Ilocos,0105540000
2427,Villasis,Province of Pangasinan,Ilocos,0105547000
2428,Urdaneta,Province of Pangasinan,Ilocos,0105546000
2429,Mapandan,Province of Pangasinan,Ilocos,0105528000
2430,Manaoag,Province of Pangasinan,Ilocos,0105525000
2431,San Jacinto,Province of Pangasinan,Ilocos,0105534000
2432,Mangaldan,Province of Pangasinan,Ilocos,0105526000
2433,San Fabian,Province of Pangasinan,Ilocos,0105533000
2434,Sison,Province of Pangasinan,Ilocos,0105541000
2435,Pozorrubio,Province of Pangasinan,Ilocos,0105530000
2436,Binalonan,Province of Pangasinan,Ilocos,0105512000
2437,Laoac,Province of Pangasinan,Ilocos,0105548000
2438,San Manuel,Province of Pangasinan,Ilocos,0105535000
2439,Asingan,Province of Pangasinan,Ilocos,0105506000
2440,Santa Maria,Province of Pangasinan,Ilocos,0105539000
2441,Rosales,Province of Pangasinan,Ilocos,0105531000
2442,Balungao,Province of Pangasinan,Ilocos,0105507000
2443,Umingan,Province of Pangasinan,Ilocos,0105544000
2444,San Quintin,Province of Pangasinan,Ilocos,0105537000
2445,Tayug,Province of Pangasinan,Ilocos,0105543000
2446,Natividad,Province of Pangasinan,Ilocos,0105529000
2447,San Nicolas,Province of Pangasinan,Ilocos,0105536000
2500,San Fernando City,Province of La Union,Ilocos,0103314000
2501,Bauang,Province of La Union,Ilocos,0103307000
2502,Caba,Province of La Union,Ilocos,0103309000
2503,Aringay,Province of La Union,Ilocos,0103302000
2504,Agoo,Province of La Union,Ilocos,0103301000
2505,Santo Tomas,Province of La Union,Ilocos,0103317000
2506,Rosario,Province of La Union,Ilocos,0103313000
2507,Damortis,Province of La Union,Ilocos,
2508,Pugo,Province of La Union,Ilocos,0103312000
2509,Tubao,Province of La Union,Ilocos,0103320000
2510,Burgos,Province of La Union,Ilocos,0103308000
2511,Naguilian,Province of La Union,Ilocos,0103311000
2512,Bagulin,Province of La Union,Ilocos,0103304000
2513,San Gabriel,Province of La Union,Ilocos,0103315000
2514,San Juan,Province of La Union,Ilocos,0103316000
2515,Bacnotan,Province of La Union,Ilocos,0103303000
2516,Santol,Province of La Union,Ilocos,0103318000
2517,Balaoan,Province of La Union,Ilocos,0103305000
2518,Luna,Province of La Union,Ilocos,0103310000
2519,Bangar,Province of La Union,Ilocos,0103306000
2520,Sudipen,Province of La Union,Ilocos,0103319000
2566,Alcoy,,,0702202000
2600,Baguio City,Province of Benguet,Cordillera,1430300000
2601,La Trinidad,Province of Benguet,Cordillera,1401110000
2602,Philippine Military Academy (PMA),Province of Benguet,Cordillera,
2603,Tuba,Province of Benguet,Cordillera,1401113000
2604,Itogon,Province of Benguet,Cordillera,1401106000
2605,Bokod,Province of Benguet,Cordillera,1401104000
2606,Kabayan,Province of Benguet,Cordillera,1401107000
2607,Buguias,Province of Benguet,Cordillera,1401105000
2608,Mankayan,Province of Benguet,Cordillera,1401111000
2609,Lepanto,Province of Benguet,Cordillera,
2610,Bakun,Province of Benguet,Cordillera,1401103000
2611,Kibungan,Province of Benguet,Cordillera,1401109000
2612,Atok,Province of Benguet,Cordillera,1401101000
2613,Kapangan,Province of Benguet,Cordillera,1401108000
2614,Sablan,Province of Benguet,Cordillera,1401112000
2615,Tublay,Province of Benguet,Cordillera,1401114000
2616,Bontoc,Mountain Province,Cordillera,1404404000
2617,Sadanga,Mountain Province,Cordillera,1404408000
2618,Besao,Mountain Province,Cordillera,1404403000
2619,Sagada,Mountain Province,Cordillera,1404409000
2620,Tadian,Mountain Province,Cordillera,1404410000
2621,Bauko,Mountain Province,Cordillera,1404402000
2622,Sabangan,Mountain Province,Cordillera,1404407000
2623,Barlig,Mountain Province,Cordillera,1404401000
2624,Natonin,Mountain Province,Cordillera,1404405000
2625,Paracelis,Mountain Province,Cordillera,1404406000
2700,Vigan,Province of Ilocos Sur,Ilocos,0102934000
2701,Santa Catalina,Province of Ilocos Sur,Ilocos,0102923000
2702,Caoayan,Province of Ilocos Sur,Ilocos,0102907000
2703,Santa,Province of Ilocos Sur,Ilocos,0102922000
2704,Narvacan,Province of Ilocos Sur,Ilocos,0102914000
2705,Santa Maria,Province of Ilocos Sur,Ilocos,0102926000
2706,San Esteban,Province of Ilocos Sur,Ilocos,0102918000
2707,Santiago,Province of Ilocos Sur,Ilocos,0102927000
2708,Banayoyo,Province of Ilocos Sur,Ilocos,0102902000
2709,Galimuyod,Province of Ilocos Sur,Ilocos,0102909000
2710,Candon,Province of Ilocos Sur,Ilocos,0102906000
2711,Salcedo (Baugen),Province of Ilocos Sur,Ilocos,0102916000
2712,Santa Lucia,Province of Ilocos Sur,Ilocos,0102925000
2713,Santa Cruz,Province of Ilocos Sur,Ilocos,0102924000
2714,Tagudin,Province of Ilocos Sur,Ilocos,0102933000
2715,Suyo,Province of Ilocos Sur,Ilocos,0102932000
2716,Alilem,Province of Ilocos Sur,Ilocos,0102901000
2717,Sugpon,Province of Ilocos Sur,Ilocos,0102931000
2718,Cervantes,Province of Ilocos Sur,Ilocos,0102908000
2719,Sigay,Province of Ilocos Sur,Ilocos,0102929000
2720,Gregorio del Pilar (Concepcion),Province of Ilocos Sur,Ilocos,0102910000
2721,Quirino (Angkaki),Province of Ilocos Sur,Ilocos,0102915000
2722,San Emilio,Province of Ilocos Sur,Ilocos,0102917000
2723,Lidlidda,Province of Ilocos Sur,Ilocos,0102911000
2724,Burgos,Province of Ilocos Sur,Ilocos,0102904000
2725,Nagbukel,Province of Ilocos Sur,Ilocos,0102913000
2726,San Vicente,Province of Ilocos Sur,Ilocos,0102921000
2727,Bantay,Province of Ilocos Sur,Ilocos,0102903000
2728,San Ildefonso,Province of Ilocos Sur,Ilocos,0102919000
2729,Santo Domingo,Province of Ilocos Sur,Ilocos,0102928000
2730,Magsingal,Province of Ilocos Sur,Ilocos,0102912000
2731,San Juan (Lapog),Province of Ilocos Sur,Ilocos,0102920000
2732,Cabugao,Province of Ilocos Sur,Ilocos,0102905000
2733,Sinait,Province of Ilocos Sur,Ilocos,0102930000
2800,Bangued,Province of Abra,Cordillera,1400101000
2801,Dolores,Province of Abra,Cordillera,1400107000
2802,Lagangilang,Province of Abra,Cordillera,1400110000
2803,Tayum,Province of Abra,Cordillera,1400124000
2804,Peñarrubia,Province of Abra,Cordillera,1400117000
2805,Bucay,Province of Abra,Cordillera,1400103000
2806,Pidigan,Province of Abra,Cordillera,1400118000
2807,Langiden,Province of Abra,Cordillera,1400112000
2808,San Quintin,Province of Abra,Cordillera,1400123000
2809,San Isidro,Province of Abra,Cordillera,1400121000
2810,Manabo,Province of Abra,Cordillera,1400116000
2811,Villaviciosa,Province of Abra,Cordillera,1400127000
2812,Pilar,Province of Abra,Cordillera,1400119000
2813,Luba,Province of Abra,Cordillera,1400114000
2814,Tubo,Province of Abra,Cordillera,1400126000
2815,Boliney,Province of Abra,Cordillera,1400102000
2816,Daguioman,Province of Abra,Cordillera,1400105000
2817,Bucloc,Province of Abra,Cordillera,1400104000
2818,Sallapadan,Province of Abra,Cordillera,1400120000
2819,Licuan-Baay,Province of Abra,Cordillera,1400113000
2820,Malibcong,Province of Abra,Cordillera,1400115000
2821,Lacub,Province of Abra,Cordillera,1400109000
2822,Tineg,Province of Abra,Cordillera,1400125000
2823,San Juan,Province of Abra,Cordillera,1400122000
2824,Lagayan,Province of Abra,Cordillera,1400111000
2825,Danglas,Province of Abra,Cordillera,1400106000
2826,La Paz,Province of Abra,Cordillera,1400108000
2900,Laoag City,Province of Ilocos Norte,Ilocos,0102812000
2901,San Nicolas,Province of Ilocos Norte,Ilocos,0102820000
2902,Paoay,Province of Ilocos Norte,Ilocos,0102816000
2903,Currimao,Province of Ilocos Norte,Ilocos,0102808000
2904,Badoc,Province of Ilocos Norte,Ilocos,0102803000
2905,Pinili,Province of Ilocos Norte,Ilocos,0102819000
2906,Batac,Province of Ilocos Norte,Ilocos,0102805000
2907,Marcos,Province of Ilocos Norte,Ilocos,0102813000
2908,Banna (formerly Espiritu),Province of Ilocos Norte,Ilocos,0102811000
2909,Nueva Era,Province of Ilocos Norte,Ilocos,0102814000
2910,Solsona,Province of Ilocos Norte,Ilocos,0102822000
2911,Carasi,Province of Ilocos Norte,Ilocos,0102807000
2912,Piddig,Province of Ilocos Norte,Ilocos,0102818000
2913,Dingras,Province of Ilocos Norte,Ilocos,0102809000
2914,Sarrat,Province of Ilocos Norte,Ilocos,0102821000
2915,Vintar,Province of Ilocos Norte,Ilocos,0102823000
2916,Bacarra,Province of Ilocos Norte,Ilocos,0102802000
2917,Pasuquin,Province of Ilocos Norte,Ilocos,0102817000
2918,Burgos,Province of Ilocos Norte,Ilocos,0102806000
2919,Pagudpud,Province of Ilocos Norte,Ilocos,0102815000
2920,Bangui,Province of Ilocos Norte,Ilocos,0102804000
2921,Dumalneg,Province of Ilocos Norte,Ilocos,0102810000
2922,Adams,Province of Ilocos Norte,Ilocos,0102801000
3000,Malolos,Province of Bulacan,Central Luzon,0301410000
3001,Paombong,Province of Bulacan,Central Luzon,0301416000
3002,Hagonoy,Province of Bulacan,Central Luzon,0301409000
3003,Calumpit,Province of Bulacan,Central Luzon,0301407000
3004,Plaridel,Province of Bulacan,Central Luzon,0301417000
3005,Pulilan,Province of Bulacan,Central Luzon,0301418000
3006,Baliuag,Province of Bulacan,Central Luzon,
3006,Baliwag City,Province of Bulacan,Central Luzon,0301403000
3007,Bustos,Province of Bulacan,Central Luzon,0301406000
3008,San Rafael,Province of Bulacan,Central Luzon,0301422000
3009,Doña Remedios Trinidad,Province of Bulacan,Central Luzon,0301424000
3010,San Ildefonso,Province of Bulacan,Central Luzon,0301419000
3011,San Miguel,Province of Bulacan,Central Luzon,0301421000
3012,Angat,Province of Bulacan,Central Luzon,0301401000
3013,Norzagaray,Province of Bulacan,Central Luzon,0301413000
3014,Pandi,Province of Bulacan,Central Luzon,0301415000
3015,Guiguinto,Province of Bulacan,Central Luzon,0301408000
3016,Balagtas,Province of Bulacan,Central Luzon,0301402000
3017,Bulacan,Province of Bulacan,Central Luzon,0301405000
3018,Bocaue,Province of Bulacan,Central Luzon,0301404000
3019,Marilao,Province of Bulacan,Central Luzon,0301411000
3020,Meycauayan,Province of Bulacan,Central Luzon,0301412000
3021,Obando,Province of Bulacan,Central Luzon,0301414000
3022,Sta. Maria,Province of Bulacan,Central Luzon,0301423000
3023,San Jose Del Monte,Province of Bulacan,Central Luzon,0301420000
3024,Sapang Palay,Province of Bulacan,Central Luzon,
3025,Cruz na Daan,Province of Bulacan,Central Luzon,
3100,Cabanatuan City,Province of Nueva Ecija,Central Luzon,0304903000
3101,Sta. Rosa,Province of Nueva Ecija,Central Luzon,0304928000
3102,San Leonardo,Province of Nueva Ecija,Central Luzon,0304927000
3103,Peñaranda,Province of Nueva Ecija,Central Luzon,0304921000
3104,Gen. Tinio,Province of Nueva Ecija,Central Luzon,
3104,General Tinio,Province of Nueva Ecija,Central Luzon,0304910000
3105,Gapan City,Province of Nueva Ecija,Central Luzon,0304908000
3106,San Isidro,Province of Nueva Ecija,Central Luzon,0304925000
3107,Cabiao,Province of Nueva Ecija,Central Luzon,0304904000
3108,San Antonio,Province of Nueva Ecija,Central Luzon,0304924000
3109,Jaen,Province of Nueva Ecija,Central Luzon,0304912000
3110,Zaragoza,Province of Nueva Ecija,Central Luzon,0304932000
3111,Aliaga,Province of Nueva Ecija,Central Luzon,0304901000
3112,Licab,Province of Nueva Ecija,Central Luzon,0304914000
3113,Quezon,Province of Nueva Ecija,Central Luzon,0304922000
3114,Talavera,Province of Nueva Ecija,Central Luzon,0304930000
3115,Guimba,Province of Nueva Ecija,Central Luzon,0304911000
3116,Nampicuan,Province of Nueva Ecija,Central Luzon,0304918000
3117,Cuyapo,Province of Nueva Ecija,Central Luzon,0304906000
3118,Talugtog,Province of Nueva Ecija,Central Luzon,
3118,Talugtug,Province of Nueva Ecija,Central Luzon,0304931000
3119,Muñoz,Province of Nueva Ecija,Central Luzon,
3119,Science City of Muñoz,Province of Nueva Ecija,Central Luzon,0304917000
3120,Central Luzon State University,Province of Nueva Ecija,Central Luzon,
3121,San Jose City,Province of Nueva Ecija,Central Luzon,0304926000
3122,Lupao,Province of Nueva Ecija,Central Luzon,0304916000
3123,Carrangalan,Province of Nueva Ecija,Central Luzon,
3123,Carranglan,Province of Nueva Ecija,Central Luzon,0304905000
3124,Pantabangan,Province of Nueva Ecija,Central Luzon,0304920000
3125,Gen. M. Natividad,Province of Nueva Ecija,Central Luzon,
3125,General Mamerto Natividad,Province of Nueva Ecija,Central Luzon,0304909000
3126,Llanera,Province of Nueva Ecija,Central Luzon,0304915000
3127,Rizal,Province of Nueva Ecija,Central Luzon,0304923000
3128,Bongabon,Province of Nueva Ecija,Central Luzon,0304902000
3129,Laur,Province of Nueva Ecija,Central Luzon,0304913000
3130,Fort Magsaysay,Province of Nueva Ecija,Central Luzon,
3131,Gabaldon,Province of Nueva Ecija,Central Luzon,0304907000
3132,Palayan City,Province of Nueva Ecija,Central Luzon,0304919000
3133,Sto. Domingo,Province of Nueva Ecija,Central Luzon,0304929000
3200,Baler,Province of Aurora,Central Luzon,0307701000
3201,San Luis,Province of Aurora,Central Luzon,0307708000
3202,Maria Aurora,Province of Aurora,Central Luzon,0307707000
3203,Dipaculao,Province of Aurora,Central Luzon,0307706000
3204,Casiguran,Province of Aurora,Central Luzon,0307702000
3205,Dilasag,Province of Aurora,Central Luzon,0307703000
3206,Dinalungan,Province of Aurora,Central Luzon,0307704000
3207,Dingalan,Province of Aurora,Central Luzon,0307705000
3300,City of Ilagan,Province of Isabela,Cagayan Valley,0203114000
3301,Gamu,Province of Isabela,Cagayan Valley,0203113000
3302,Naguilian,Province of Isabela,Cagayan Valley,0203120000
3302,Naguillan,Province of Isabela,Cagayan Valley,
3303,Reina Mercedes,Province of Isabela,Cagayan Valley,0203125000
3304,Luna,Province of Isabela,Cagayan Valley,0203116000
3305,City of Cauayan,Province of Isabela,Cagayan Valley,0203108000
3306,Alicia,Province of Isabela,Cagayan Valley,0203101000
3307,Angadanan,Province of Isabela,Cagayan Valley,0203102000
3308,San Guillermo,Province of Isabela,Cagayan Valley,0203128000
3309,Echague,Province of Isabela,Cagayan Valley,0203112000
3310,San Isidro,Province of Isabela,Cagayan Valley,0203129000
3311,Santiago CIty,Province of Isabela,Cagayan Valley,0203135000
3312,Cordon,Province of Isabela,Cagayan Valley,0203109000
3313,Jones,Province of Isabela,Cagayan Valley,0203115000
3314,San Agustin,Province of Isabela,Cagayan Valley,0203127000
3315,Cabatuan,Province of Isabela,Cagayan Valley,0203107000
3316,Aurora,Province of Isabela,Cagayan Valley,0203103000
3317,San Manuel,Province of Isabela,Cagayan Valley,0203130000
3318,San Mateo,Province of Isabela,Cagayan Valley,0203132000
3319,Ramon,Province of Isabela,Cagayan Valley,0203124000
3320,Roxas,Province of Isabela,Cagayan Valley,0203126000
3321,Quirino,Province of Isabela,Cagayan Valley,0203123000
3322,Burgos,Province of Isabela,Cagayan Valley,0203105000
3323,Mallig,Province of Isabela,Cagayan Valley,0203119000
3324,Quezon,Province of Isabela,Cagayan Valley,0203122000
3325,Tumauini,Province of Isabela,Cagayan Valley,0203137000
3326,Delfin Albano,Province of Isabela,Cagayan Valley,0203118000
3327,Sto. Tomas,Province of Isabela,Cagayan Valley,0203136000
3328,Cabagan,Province of Isabela,Cagayan Valley,0203106000
3329,San Pablo,Province of Isabela,Cagayan Valley,0203133000
3330,Sta. Maria,Province of Isabela,Cagayan Valley,0203134000
3331,Benito Soliven,Province of Isabela,Cagayan Valley,0203104000
3332,San Mariano,Province of Isabela,Cagayan Valley,0203131000
3333,Maconacon,Province of Isabela,Cagayan Valley,0203117000
3334,Palanan,Province of Isabela,Cagayan Valley,0203121000
3335,Divilacan,Province of Isabela,Cagayan Valley,0203111000
3336,Dinapigue,Province of Isabela,Cagayan Valley,0203110000
3400,Cabarroguis,Province of Quirino,Cagayan Valley,0205702000
3401,Diffun,Province of Quirino,Cagayan Valley,0205703000
3402,Saguday,Province of Quirino,Cagayan Valley,0205705000
3403,Aglipay,Province of Quirino,Cagayan Valley,0205701000
3404,Maddela,Province of Quirino,Cagayan Valley,0205704000
3405,Nagtipunan,Province of Quirino,Cagayan Valley,0205706000
3500,Tuguegarao City,Province of Cagayan,Cagayan Valley,0201529000
3501,Enrile,Province of Cagayan,Cagayan Valley,0201512000
3502,Peñablanca,Province of Cagayan,Cagayan Valley,0201519000
3503,Solana,Province of Cagayan,Cagayan Valley,0201527000
3504,Iguig,Province of Cagayan,Cagayan Valley,0201515000
3505,Amulung,Province of Cagayan,Cagayan Valley,0201504000
3506,Baggao,Province of Cagayan,Cagayan Valley,0201506000
3507,Alcala,Province of Cagayan,Cagayan Valley,0201502000
3508,Gattaran,Province of Cagayan,Cagayan Valley,0201513000
3509,Lal-lo,Province of Cagayan,Cagayan Valley,0201516000
3510,Camalaniugan,Province of Cagayan,Cagayan Valley,0201510000
3511,Buguey,Province of Cagayan,Cagayan Valley,0201508000
3512,Sta. Teresita,Province of Cagayan,Cagayan Valley,0201525000
3513,Gonzaga,Province of Cagayan,Cagayan Valley,0201514000
3514,Sta. Ana,Province of Cagayan,Cagayan Valley,0201523000
3515,Aparri,Province of Cagayan,Cagayan Valley,0201505000
3516,Ballesteros,Province of Cagayan,Cagayan Valley,0201507000
3517,Abulug,Province of Cagayan,Cagayan Valley,0201501000
3518,Sanchez-Mira,Province of Cagayan,Cagayan Valley,0201522000
3519,Claveria,Province of Cagayan,Cagayan Valley,0201511000
3520,Calayan,Province of Cagayan,Cagayan Valley,0201509000
3521,Santa Praxedes,Province of Cagayan,Cagayan Valley,0201524000
3522,Pamplona,Province of Cagayan,Cagayan Valley,0201518000
3523,Allacapan,Province of Cagayan,Cagayan Valley,0201503000
3524,Lasam,Province of Cagayan,Cagayan Valley,0201517000
3525,Santo Niño,Province of Cagayan,Cagayan Valley,0201526000
3526,Rizal,Province of Cagayan,Cagayan Valley,0201521000
3527,Piat,Province of Cagayan,Cagayan Valley,0201520000
3528,Tuao,Province of Cagayan,Cagayan Valley,0201528000
3600,Lagawe,Province of Ifugao,Cordillera,1402704000
3601,Banaue,Province of Ifugao,Cordillera,1402701000
3602,Mayoyao,Province of Ifugao,Cordillera,1402706000
3603,Hungduan,Province of Ifugao,Cordillera,1402702000
3604,Kiangan,Province of Ifugao,Cordillera,1402703000
3605,Lamut,Province of Ifugao,Cordillera,1402705000
3606,Aguinaldo,Province of Ifugao,Cordillera,1402708000
3607,Hingyon,Province of Ifugao,Cordillera,1402709000
3608,Alfonso Lista (formerly Potia),Province of Ifugao,Cordillera,1402707000
3609,Tinoc,Province of Ifugao,Cordillera,1402710000
3610,Asipulo,Province of Ifugao,Cordillera,1402711000
3700,Bayombong,Province of Nueva Vizcaya,Cagayan Valley,0205005000
3701,Ambaguio,Province of Nueva Vizcaya,Cagayan Valley,0205001000
3702,Bambang,Province of Nueva Vizcaya,Cagayan Valley,0205004000
3703,Kasibu,Province of Nueva Vizcaya,Cagayan Valley,0205009000
3704,Aritao,Province of Nueva Vizcaya,Cagayan Valley,0205002000
3705,Sta. Fe,Province of Nueva Vizcaya,Cagayan Valley,0205012000
3706,Dupax del Norte,Province of Nueva Vizcaya,Cagayan Valley,0205007000
3707,Dupax del Sur,Province of Nueva Vizcaya,Cagayan Valley,0205008000
3708,Kayapa,Province of Nueva Vizcaya,Cagayan Valley,0205010000
3709,Solano,Province of Nueva Vizcaya,Cagayan Valley,0205013000
3710,Villaverde,Province of Nueva Vizcaya,Cagayan Valley,0205014000
3711,Bagabag,Province of Nueva Vizcaya,Cagayan Valley,0205003000
3712,Diadi,Province of Nueva Vizcaya,Cagayan Valley,0205006000
3713,Quezon,Province of Nueva Vizcaya,Cagayan Valley,0205011000
3714,Alfonso Castañeda,Province of Nueva Vizcaya,Cagayan Valley,0205015000
3800,Tabuk City,Kalinga,Cordillera,1403213000
3801,Balbalan,Kalinga,Cordillera,1403201000
3802,Lubuagan,Kalinga,Cordillera,1403206000
3803,Pasil,Kalinga,Cordillera,1403208000
3804,Tinglayan,Kalinga,Cordillera,1403215000
3805,Tanudan,Kalinga,Cordillera,1403214000
3806,Pinukpuk,Kalinga,Cordillera,1403209000
3807,Conner,Apayao,Cordillera,1408102000
3808,Rizal,Kalinga,Cordillera,1403211000
3809,Kabugao,Apayao,Cordillera,1408104000
3810,Flora,Apayao,Cordillera,1408103000
3811,Santa Marcela,Apayao,Cordillera,1408107000
3812,Pudtol,Apayao,Cordillera,1408106000
3813,Luna,Apayao,Cordillera,1408105000
3814,Calanasan,Apayao,Cordillera,1408101000
3900,Basco,Province of Batanes,Cagayan Valley,0200901000
3901,Mahatao,Province of Batanes,Cagayan Valley,0200904000
3902,Ivana,Province of Batanes,Cagayan Valley,0200903000
3903,Uyugan,Province of Batanes,Cagayan Valley,0200906000
3904,Sabtang,Province of Batanes,Cagayan Valley,0200905000
3905,Itbayat,Province of Batanes,Cagayan Valley,0200902000
4000,San Pablo City,Province of Laguna,Calabarzon,0403424000
4001,Alaminos,Province of Laguna,Calabarzon,0403401000
4002,Nagcarlan,Province of Laguna,Calabarzon,0403417000
4003,Rizal,Province of Laguna,Calabarzon,0403423000
4004,Liliw,Province of Laguna,Calabarzon,0403410000
4005,Majayjay,Province of Laguna,Calabarzon,0403416000
4006,Botocan,Province of Laguna,Calabarzon,
4007,Magdalena,Province of Laguna,Calabarzon,0403415000
4008,Pagsanjan,Province of Laguna,Calabarzon,0403419000
4009,Sta. Cruz,Province of Laguna,Calabarzon,0403426000
4010,Pila,Province of Laguna,Calabarzon,0403422000
4011,Victoria,Province of Laguna,Calabarzon,0403430000
4012,Calauan,Province of Laguna,Calabarzon,0403406000
4012,Caluan,Province of Laguna,Calabarzon,
4013,Cavinti,Province of Laguna,Calabarzon,0403407000
4014,Lumban,Province of Laguna,Calabarzon,0403413000
4015,Kalayaan,Province of Laguna,Calabarzon,0403409000
4016,Paete,Province of Laguna,Calabarzon,0403418000
4017,Pakil,Province of Laguna,Calabarzon,0403420000
4018,Pangil,Province of Laguna,Calabarzon,0403421000
4019,Siniloan,Province of Laguna,Calabarzon,0403429000
4020,Mabitac,Province of Laguna,Calabarzon,0403414000
4021,Famy,Province of Laguna,Calabarzon,0403408000
4022,Sta. Maria,Province of Laguna,Calabarzon,0403427000
4023,San Pedro,Province of Laguna,Calabarzon,0403425000
4024,Biñan,Province of Laguna,Calabarzon,0403403000
4025,Cabuyao,Province of Laguna,Calabarzon,0403404000
4026,Sta. Rosa,Province of Laguna,Calabarzon,0403428000
4027,Calamba,Province of Laguna,Calabarzon,0403405000
4028,Canlubang,Province of Laguna,Calabarzon,
4029,Camp Vicente Lim,Province of Laguna,Calabarzon,
4030,Los Baños,Province of Laguna,Calabarzon,0403411000
4031,College Los Baños,Province of Laguna,Calabarzon,
4032,Luisiana,Province of Laguna,Calabarzon,0403412000
4033,Bay,Province of Laguna,Calabarzon,0403402000
4034,Laguna Technopark,Province of Laguna,Calabarzon,
4100,Cavite City,Province of Cavite,Calabarzon,0402105000
4101,Cavite Naval Base,Province of Cavite,Calabarzon,
4102,Bacoor,Province of Cavite,Calabarzon,0402103000
4103,Imus,Province of Cavite,Calabarzon,0402109000
4104,Kawit,Province of Cavite,Calabarzon,0402111000
4105,Noveleta,Province of Cavite,Calabarzon,0402116000
4106,Rosario,Province of Cavite,Calabarzon,0402117000
4107,Gen. Trias,Province of Cavite,Calabarzon,
4107,General Trias City,Province of Cavite,Calabarzon,0402108000
4108,Tanza,Province of Cavite,Calabarzon,0402120000
4109,Trece Martires City,Province of Cavite,Calabarzon,0402122000
4109,Trece Martirez City,Province of Cavite,Calabarzon,
4110,Naic,Province of Cavite,Calabarzon,0402115000
4111,Ternate,Province of Cavite,Calabarzon,0402121000
4112,Maragondon,Province of Cavite,Calabarzon,0402113000
4113,Magallanes,Province of Cavite,Calabarzon,0402112000
4114,Dasmariñas,Province of Cavite,Calabarzon,0402106000
4115,Dasmariñas Resettlement Area,Province of Cavite,Calabarzon,
4116,Carmona,Province of Cavite,Calabarzon,0402104000
4117,Gen. Mariano Alvarez,Province of Cavite,Calabarzon,0402123000
4118,Silang,Province of Cavite,Calabarzon,0402118000
4119,Amadeo,Province of Cavite,Calabarzon,0402102000
4120,Tagaytay,Province of Cavite,Calabarzon,0402119000
4121,Mendez,Province of Cavite,Calabarzon,0402114000
4122,Indang,Province of Cavite,Calabarzon,0402110000
4123,Alfonso,Province of Cavite,Calabarzon,0402101000
4124,Gen. Aguinaldo (Bailen),Province of Cavite,Calabarzon,
4124,General Emilio Aguinaldo,Province of Cavite,Calabarzon,0402107000
4125,Corregidor,Province of Cavite,Calabarzon,
4126,Ist Cavite IND. Estate,Province of Cavite,Calabarzon,
4133,Bailen,,,
4135,Molino,Province of Cavite,Calabarzon,
4200,Batangas City,Province of Batangas,Calabarzon,0401005000
4201,Bauan,Province of Batangas,Calabarzon,0401006000
4202,Mabini,Province of Batangas,Calabarzon,0401016000
4203,Tingloy,Province of Batangas,Calabarzon,0401033000
4204,San Pascual,Province of Batangas,Calabarzon,0401026000
4205,Alitagtag,Province of Batangas,Calabarzon,0401002000
4206,Sta. Teresita,Province of Batangas,Calabarzon,0401027000
4207,San Nicolas,Province of Batangas,Calabarzon,0401025000
4208,Taal,Province of Batangas,Calabarzon,0401029000
4209,Lemery,Province of Batangas,Calabarzon,0401012000
4210,San Luis,Province of Batangas,Calabarzon,0401024000
4211,Agoncillo,Province of Batangas,Calabarzon,0401001000
4212,Calaca,Province of Batangas,Calabarzon,0401007000
4213,Balayan,Province of Batangas,Calabarzon,0401003000
4214,Tuy,Province of Batangas,Calabarzon,0401034000
4215,Calatagan,Province of Batangas,Calabarzon,0401008000
4216,Lian,Province of Batangas,Calabarzon,0401013000
4217,Lipa City,Province of Batangas,Calabarzon,0401014000
4218,Fernando Airbase,Province of Batangas,Calabarzon,
4219,Balete,Province of Batangas,Calabarzon,0401004000
4220,Talisay,Province of Batangas,Calabarzon,0401030000
4221,Laurel,Province of Batangas,Calabarzon,0401011000
4222,Cuenca,Province of Batangas,Calabarzon,0401009000
4223,Mataas na Kahoy,Province of Batangas,Calabarzon,0401018000
4224,Padre Garcia,Province of Batangas,Calabarzon,0401020000
4225,Rosario,Province of Batangas,Calabarzon,0401021000
4226,San Juan,Province of Batangas,Calabarzon,0401023000
4227,San Jose,Province of Batangas,Calabarzon,0401022000
4228,Taysan,Province of Batangas,Calabarzon,0401032000
4229,Lobo,Province of Batangas,Calabarzon,0401015000
4230,Ibaan,Province of Batangas,Calabarzon,0401010000
4231,Nasugbu,Province of Batangas,Calabarzon,0401019000
4232,Tanauan,Province of Batangas,Calabarzon,0401031000
4233,Malvar,Province of Batangas,Calabarzon,0401017000
4234,Sto. Tomas,Province of Batangas,Calabarzon,0401028000
4300,Quezon Capitol,Quezon,Calabarzon,
4301,Lucena City,Quezon,Calabarzon,0431200000
4302,Pagbilao,Quezon,Calabarzon,0405630000
4303,Padre Burgos,Quezon,Calabarzon,0405629000
4304,Agdangan,Quezon,Calabarzon,0405601000
4305,Unisan,Quezon,Calabarzon,0405649000
4306,Plaridel,Quezon,Calabarzon,0405635000
4307,Gumaca,Quezon,Calabarzon,0405619000
4308,Pitogo,Quezon,Calabarzon,0405634000
4309,Macalelon,Quezon,Calabarzon,0405625000
4310,General Luna,Quezon,Calabarzon,0405616000
4311,Catanauan,Quezon,Calabarzon,0405610000
4312,Mulanay,Quezon,Calabarzon,0405628000
4313,San Narciso,Quezon,Calabarzon,0405644000
4314,San Andres,Quezon,Calabarzon,0405640000
4315,San Francisco,Quezon,Calabarzon,0405642000
4316,Lopez,Quezon,Calabarzon,0405622000
4317,Hondagua,Quezon,Calabarzon,
4318,Calauag,Quezon,Calabarzon,0405607000
4319,Guinayangan,Quezon,Calabarzon,0405618000
4320,Buenavista,Quezon,Calabarzon,0405605000
4321,Tagkawayan,Quezon,Calabarzon,0405646000
4322,Sariaya,Quezon,Calabarzon,0405645000
4323,Candelaria,Quezon,Calabarzon,0405608000
4324,San Antonio,Quezon,Calabarzon,0405641000
4325,Tiaong,Quezon,Calabarzon,0405648000
4326,Dolores,Quezon,Calabarzon,0405615000
4327,Tayabas,Quezon,Calabarzon,0405647000
4328,Lucban,Quezon,Calabarzon,0405623000
4329,Sampaloc,Quezon,Calabarzon,0405639000
4330,Mauban,Quezon,Calabarzon,0405627000
4331,Atimonan,Quezon,Calabarzon,0405603000
4332,Quezon,Quezon,Calabarzon,0405637000
4333,Alabat,Quezon,Calabarzon,0405602000
4334,Perez,Quezon,Calabarzon,0405633000
4335,Real,Quezon,Calabarzon,0405638000
4336,Infanta,Quezon,Calabarzon,0405620000
4337,Panukulan,Quezon,Calabarzon,0405631000
4338,General Nakar,Quezon,Calabarzon,0405617000
4339,Polilio,Quezon,Calabarzon,
4339,Polillo,Quezon,Calabarzon,0405636000
4340,Burdeos,Quezon,Calabarzon,0405606000
4341,Patnanungan,Quezon,Calabarzon,0405632000
4342,Jomalig,Quezon,Calabarzon,0405621000
4400,Naga City,Province of Camarines Sur,Bicol,0501724000
4401,Camaligan,Province of Camarines Sur,Bicol,0501709000
4402,Canaman,Province of Camarines Sur,Bicol,0501710000
4403,Magarao,Province of Camarines Sur,Bicol,0501720000
4404,Bombon,Province of Camarines Sur,Bicol,0501704000
4405,Calabanga,Province of Camarines Sur,Bicol,0501708000
4406,Cabusao,Province of Camarines Sur,Bicol,0501707000
4407,Libmanan,Province of Camarines Sur,Bicol,0501718000
4408,Sipocot,Province of Camarines Sur,Bicol,0501734000
4409,Lupi,Province of Camarines Sur,Bicol,0501719000
4410,Ragay,Province of Camarines Sur,Bicol,0501730000
4411,Del Gallego,Province of Camarines Sur,Bicol,0501712000
4412,Gainza,Province of Camarines Sur,Bicol,0501713000
4413,Milaor,Province of Camarines Sur,Bicol,0501721000
4414,Minalabac,Province of Camarines Sur,Bicol,0501722000
4415,San Fernando,Province of Camarines Sur,Bicol,0501732000
4416,Pamplona,Province of Camarines Sur,Bicol,0501726000
4417,Pasacao,Province of Camarines Sur,Bicol,0501727000
4418,Pili,Province of Camarines Sur,Bicol,0501728000
4419,Ocampo,Province of Camarines Sur,Bicol,0501725000
4420,Tigaon,Province of Camarines Sur,Bicol,0501736000
4421,Sagnay,Province of Camarines Sur,Bicol,0501731000
4422,Goa,Province of Camarines Sur,Bicol,0501715000
4423,San Jose,Province of Camarines Sur,Bicol,0501733000
4424,Presentacion,Province of Camarines Sur,Bicol,0501729000
4425,Lagonoy,Province of Camarines Sur,Bicol,0501717000
4426,Tinambac,Province of Camarines Sur,Bicol,0501737000
4427,Siruma,Province of Camarines Sur,Bicol,0501735000
4428,Garchitorena,Province of Camarines Sur,Bicol,0501714000
4429,Caramoan,Province of Camarines Sur,Bicol,0501711000
4430,Bula,Province of Camarines Sur,Bicol,0501706000
4431,Iriga City,Province of Camarines Sur,Bicol,0501716000
4432,Baao,Province of Camarines Sur,Bicol,0501701000
4433,Buhi,Province of Camarines Sur,Bicol,0501705000
4434,Nabua,Province of Camarines Sur,Bicol,0501723000
4435,Bato,Province of Camarines Sur,Bicol,0501703000
4436,Balatan,Province of Camarines Sur,Bicol,0501702000
4500,Legazpi City,Province of Albay,Bicol,0500506000
4501,Daraga (Locsin),Province of Albay,Bicol,0500503000
4502,Camalig,Province of Albay,Bicol,0500502000
4503,Guinobatan,Province of Albay,Bicol,0500504000
4504,Ligao,Province of Albay,Bicol,0500508000
4505,Oas,Province of Albay,Bicol,0500512000
4506,Polangui,Province of Albay,Bicol,0500514000
4507,Libon,Province of Albay,Bicol,0500507000
4508,Sto. Domingo,Province of Albay,Bicol,0500516000
4509,Bacacay,Province of Albay,Bicol,0500501000
4510,Malilipot,Province of Albay,Bicol,0500509000
4511,Tabaco,Province of Albay,Bicol,0500517000
4512,Malinao,Province of Albay,Bicol,0500510000
4513,Tiwi,Province of Albay,Bicol,0500518000
4514,Manito,Province of Albay,Bicol,0500511000
4515,Jovellar,Province of Albay,Bicol,0500505000
4516,Pio Duran (Malacbalac),Province of Albay,Bicol,0500513000
4517,Rapu-Rapu,Province of Albay,Bicol,0500515000
4532,Alegria,,,
4600,Daet,Province of Camarines Norte,Bicol,0501603000
4601,Mercedes,Province of Camarines Norte,Bicol,0501607000
4602,Talisay,Province of Camarines Norte,Bicol,0501611000
4603,Vinzons,Province of Camarines Norte,Bicol,0501612000
4604,Labo,Province of Camarines Norte,Bicol,0501606000
4605,Paracale,Province of Camarines Norte,Bicol,0501608000
4606,Jose Panganiban,Province of Camarines Norte,Bicol,0501605000
4607,Capalonga,Province of Camarines Norte,Bicol,0501602000
4608,Basud,Province of Camarines Norte,Bicol,0501601000
4609,San Vicente,Province of Camarines Norte,Bicol,0501609000
4610,San Lorenzo Ruiz (formerly Imelda),Province of Camarines Norte,Bicol,0501604000
4611,Sta. Elena,Province of Camarines Norte,Bicol,0501610000
4612,Tulay na Lupa,Province of Camarines Norte,Bicol,
4700,Sorsogon,Province of Sorsogon,Bicol,0506216000
4701,Bacon,Province of Sorsogon,Bicol,
4702,Casiguran,Province of Sorsogon,Bicol,0506205000
4703,Juban,Province of Sorsogon,Bicol,0506210000
4704,Bulusan,Province of Sorsogon,Bicol,0506204000
4705,Magallanes,Province of Sorsogon,Bicol,0506211000
4706,Bulan,Province of Sorsogon,Bicol,0506203000
4707,Irosin,Province of Sorsogon,Bicol,0506209000
4708,Matnog,Province of Sorsogon,Bicol,0506212000
4709,Sta. Magdalena,Province of Sorsogon,Bicol,0506215000
4710,Gubat,Province of Sorsogon,Bicol,0506208000
4711,Prieto Diaz,Province of Sorsogon,Bicol,0506214000
4712,Barcelona,Province of Sorsogon,Bicol,0506202000
4713,Castilla,Province of Sorsogon,Bicol,0506206000
4714,Pilar,Province of Sorsogon,Bicol,0506213000
4715,Donsol,Province of Sorsogon,Bicol,0506207000
4800,Virac,Province of Catanduanes,Bicol,0502011000
4801,Bato,Province of Catanduanes,Bicol,0502003000
4802,San Miguel,Province of Catanduanes,Bicol,0502009000
4803,Baras,Province of Catanduanes,Bicol,0502002000
4804,Gigmoto,Province of Catanduanes,Bicol,0502005000
4805,Viga,Province of Catanduanes,Bicol,0502010000
4806,Panganiban,Province of Catanduanes,Bicol,0502007000
4807,Bagamanoc,Province of Catanduanes,Bicol,0502001000
4808,Caramoran,Province of Catanduanes,Bicol,0502004000
4809,Pandan,Province of Catanduanes,Bicol,0502006000
4810,San Andres,Province of Catanduanes,Bicol,0502008000
4900,Boac,Province of Marinduque,Mimaropa,1704001000
4901,Mogpog,Province of Marinduque,Mimaropa,1704004000
4902,Sta. Cruz,Province of Marinduque,Mimaropa,1704005000
4903,Torrijos,Province of Marinduque,Mimaropa,1704006000
4904,Buenavista,Province of Marinduque,Mimaropa,1704002000
4905,Gasan,Province of Marinduque,Mimaropa,1704003000
5000,Iloilo City,Province of Iloilo,Western Visayas,0631000000
5001,Pavia,Province of Iloilo,Western Visayas,0603036000
5002,Santa Barbara,Province of Iloilo,Western Visayas,0603043000
5003,Leganes,Province of Iloilo,Western Visayas,0603026000
5004,Zarraga,Province of Iloilo,Western Visayas,0603047000
5005,New Lucena,Province of Iloilo,Western Visayas,0603032000
5006,Dumangas,Province of Iloilo,Western Visayas,0603018000
5007,Barotac Nuevo,Province of Iloilo,Western Visayas,0603007000
5008,Pototan,Province of Iloilo,Western Visayas,0603037000
5009,Anilao,Province of Iloilo,Western Visayas,0603003000
5010,Banate,Province of Iloilo,Western Visayas,0603006000
5011,Barotac Viejo,Province of Iloilo,Western Visayas,0603008000
5012,Ajuy,Province of Iloilo,Western Visayas,0603001000
5013,Concepcion,Province of Iloilo,Western Visayas,0603015000
5014,Sara,Province of Iloilo,Western Visayas,0603044000
5015,San Dionisio,Province of Iloilo,Western Visayas,0603038000
5016,Batad,Province of Iloilo,Western Visayas,0603009000
5017,Estancia,Province of Iloilo,Western Visayas,0603019000
5018,Balasan,Province of Iloilo,Western Visayas,0603005000
5019,Carles,Province of Iloilo,Western Visayas,0603014000
5020,Oton,Province of Iloilo,Western Visayas,0603034000
5021,Tigbauan,Province of Iloilo,Western Visayas,0603045000
5022,Guimbal,Province of Iloilo,Western Visayas,0603020000
5023,Miagao,Province of Iloilo,Western Visayas,0603030000
5024,San Joaquin,Province of Iloilo,Western Visayas,0603040000
5025,San Miguel,Province of Iloilo,Western Visayas,0603041000
5026,Leon,Province of Iloilo,Western Visayas,0603028000
5027,Tubungan,Province of Iloilo,Western Visayas,0603046000
5028,Alimodian,Province of Iloilo,Western Visayas,0603002000
5029,Igbaras,Province of Iloilo,Western Visayas,0603021000
5030,Maasin,Province of Iloilo,Western Visayas,0603029000
5031,Cabatuan,Province of Iloilo,Western Visayas,0603012000
5032,Mina,Province of Iloilo,Western Visayas,0603031000
5033,Badiangan,Province of Iloilo,Western Visayas,0603004000
5034,Janiuay,Province of Iloilo,Western Visayas,0603023000
5035,Dingle,Province of Iloilo,Western Visayas,0603016000
5036,San Enrique,Province of Iloilo,Western Visayas,0603039000
5037,Passi,Province of Iloilo,Western Visayas,0603035000
5038,Dueñas,Province of Iloilo,Western Visayas,0603017000
5039,San Rafael,Province of Iloilo,Western Visayas,0603042000
5040,Calinog,Province of Iloilo,Western Visayas,0603013000
5041,Bingawan,Province of Iloilo,Western Visayas,0603010000
5042,Lambunao,Province of Iloilo,Western Visayas,0603025000
5043,Lemery,Province of Iloilo,Western Visayas,0603027000
5044,Buenavista,Province of Guimaras,Western Visayas,0607901000
5045,Jordan,Province of Guimaras,Western Visayas,0607902000
5046,Nueva Valencia,Province of Guimaras,Western Visayas,0607903000
5047,San Lorenzo,Province of Guimaras,Western Visayas,0607904000
5048,Sibunag,Province of Guimaras,Western Visayas,0607905000
5100,San Jose,Occidental Mindoro,Mimaropa,1705110000
5101,Magsaysay,Occidental Mindoro,Mimaropa,1705105000
5102,Calintaan,Occidental Mindoro,Mimaropa,1705102000
5103,Rizal,Occidental Mindoro,Mimaropa,1705108000
5104,Sablayan,Occidental Mindoro,Mimaropa,1705109000
5105,Sta. Cruz,Occidental Mindoro,Mimaropa,1705111000
5106,Mamburao,Occidental Mindoro,Mimaropa,1705106000
5107,Palauan,Occidental Mindoro,Mimaropa,
5107,Paluan,Occidental Mindoro,Mimaropa,1705107000
5108,Abra de Ilog,Occidental Mindoro,Mimaropa,1705101000
5109,Lubang,Occidental Mindoro,Mimaropa,1705104000
5110,Tilik,Occidental Mindoro,Mimaropa,
5111,Looc,Occidental Mindoro,Mimaropa,1705103000
5200,Calapan,Oriental Mindoro,Mimaropa,1705205000
5201,Baco,Oriental Mindoro,Mimaropa,1705201000
5202,San Teodoro,Oriental Mindoro,Mimaropa,1705213000
5203,Puerto Galera,Oriental Mindoro,Mimaropa,1705211000
5204,Naujan,Oriental Mindoro,Mimaropa,1705208000
5205,Victoria,Oriental Mindoro,Mimaropa,1705215000
5206,Pola,Oriental Mindoro,Mimaropa,1705210000
5207,Socorro,Oriental Mindoro,Mimaropa,1705214000
5208,Pinamalayan,Oriental Mindoro,Mimaropa,1705209000
5209,Gloria,Oriental Mindoro,Mimaropa,1705206000
5210,Bansud,Oriental Mindoro,Mimaropa,1705202000
5211,Bongabong,Oriental Mindoro,Mimaropa,1705203000
5212,Roxas,Oriental Mindoro,Mimaropa,1705212000
5213,Mansalay,Oriental Mindoro,Mimaropa,1705207000
5214,Bulalacao,Oriental Mindoro,Mimaropa,1705204000
5300,Puerto Princesa City,Province of Palawan,Mimaropa,1731500000
5301,Iwahig Penal Colony,Province of Palawan,Mimaropa,
5302,Aborlan,Province of Palawan,Mimaropa,1705301000
5303,Narra (Panacan),Province of Palawan,Mimaropa,1705315000
5304,Quezon,Province of Palawan,Mimaropa,1705317000
5305,Brooke's Point,Province of Palawan,Mimaropa,1705306000
5306,Bataraza,Province of Palawan,Mimaropa,1705305000
5306,Batazara,Province of Palawan,Mimaropa,
5307,Balabac,Province of Palawan,Mimaropa,1705304000
5308,Roxas,Province of Palawan,Mimaropa,1705318000
5309,San Vicente,Province of Palawan,Mimaropa,1705319000
5310,Dumaran,Province of Palawan,Mimaropa,1705311000
5311,Araceli,Province of Palawan,Mimaropa,1705303000
5312,Taytay,Province of Palawan,Mimaropa,1705320000
5313,El Nido (Baquit),Province of Palawan,Mimaropa,1705312000
5314,Linapacan,Province of Palawan,Mimaropa,1705313000
5315,Culion,Province of Palawan,Mimaropa,1705322000
5316,Coron,Province of Palawan,Mimaropa,1705309000
5317,Busuanga,Province of Palawan,Mimaropa,1705307000
5318,Cuyo,Province of Palawan,Mimaropa,1705310000
5319,Magsaysay,Province of Palawan,Mimaropa,1705314000
5320,Agutaya,Province of Palawan,Mimaropa,1705302000
5321,Cagayancillo,Province of Palawan,Mimaropa,1705308000
5322,Kalayaan,Province of Palawan,Mimaropa,1705321000
5323,Dr. Jose P. Rizal,Province of Palawan,Mimaropa,1705323000
5323,Rizal (Marcos),Province of Palawan,Mimaropa,
5324,Sofronio Española,Province of Palawan,Mimaropa,1705324000
5400,Masbate,Province of Masbate,Bicol,0504111000
5401,Mobo,Province of Masbate,Bicol,0504113000
5402,Uson,Province of Masbate,Bicol,0504121000
5403,Dimasalang,Province of Masbate,Bicol,0504108000
5404,Palanas,Province of Masbate,Bicol,0504115000
5405,Cataingan,Province of Masbate,Bicol,0504105000
5406,Pio V. Corpus,Province of Masbate,Bicol,0504116000
5406,Pio V. Corpuz,Province of Masbate,Bicol,
5407,Esperanza,Province of Masbate,Bicol,0504109000
5408,Placer,Province of Masbate,Bicol,0504117000
5409,Cawayan,Province of Masbate,Bicol,0504106000
5410,Milagros,Province of Masbate,Bicol,0504112000
5411,Mandaon,Province of Masbate,Bicol,0504110000
5412,Balud,Province of Masbate,Bicol,0504103000
5413,Baleno,Province of Masbate,Bicol,0504102000
5414,Aroroy,Province of Masbate,Bicol,0504101000
5415,Batuan,Province of Masbate,Bicol,0504104000
5416,San Fernando,Province of Masbate,Bicol,0504118000
5417,San Jacinto,Province of Masbate,Bicol,0504119000
5418,Monreal,Province of Masbate,Bicol,0504114000
5419,Claveria,Province of Masbate,Bicol,0504107000
5420,San Pascual,Province of Masbate,Bicol,0504120000
5421,Buenavista,Province of Masbate,Bicol,
5456,Bugasong,,,0600604000
5500,Romblon,Province of Romblon,Mimaropa,1705910000
5501,San Agustin,Province of Romblon,Mimaropa,1705911000
5502,Sta. Maria (Imelda),Province of Romblon,Mimaropa,1705917000
5503,Calatrava,Province of Romblon,Mimaropa,1705904000
5504,San Andres,Province of Romblon,Mimaropa,1705912000
5505,Odiongan,Province of Romblon,Mimaropa,1705909000
5506,Ferrol,Province of Romblon,Mimaropa,1705916000
5507,Looc,Province of Romblon,Mimaropa,1705907000
5508,Sta. Fe,Province of Romblon,Mimaropa,1705915000
5509,Alcantara,Province of Romblon,Mimaropa,1705901000
5510,San Jose,Province of Romblon,Mimaropa,1705914000
5511,Magdiwang,Province of Romblon,Mimaropa,1705908000
5512,Cajidiocan,Province of Romblon,Mimaropa,1705903000
5513,San fernando,Province of Romblon,Mimaropa,1705913000
5514,Corcuera,Province of Romblon,Mimaropa,1705906000
5515,Banton (Jones),Province of Romblon,Mimaropa,1705902000
5516,Concepcion,Province of Romblon,Mimaropa,1705905000
5600,Kalibo,Province of Aklan,Western Visayas,0600407000
5601,Banga,Province of Aklan,Western Visayas,0600403000
5602,Libacao,Province of Aklan,Western Visayas,0600409000
5603,Madalag,Province of Aklan,Western Visayas,0600410000
5604,Numancia,Province of Aklan,Western Visayas,0600416000
5605,Lezo,Province of Aklan,Western Visayas,0600408000
5606,Malinao,Province of Aklan,Western Visayas,0600413000
5607,Nabas,Province of Aklan,Western Visayas,0600414000
5608,Malay,Province of Aklan,Western Visayas,0600412000
5609,Buruanga,Province of Aklan,Western Visayas,0600405000
5610,New Washington,Province of Aklan,Western Visayas,0600415000
5611,Makato,Province of Aklan,Western Visayas,0600411000
5612,Tangalan,Province of Aklan,Western Visayas,0600417000
5613,Ibajay,Province of Aklan,Western Visayas,0600406000
5614,Balete,Province of Aklan,Western Visayas,0600402000
5615,Batan,Province of Aklan,Western Visayas,0600404000
5616,Altavas,Province of Aklan,Western Visayas,0600401000
5700,San Jose,Province of Antique,Western Visayas,0600613000
5700,San Jose de Buanavista,Province of Antique,Western Visayas,
5701,Belison,Province of Antique,Western Visayas,0600603000
5702,Patnongon,Province of Antique,Western Visayas,0600612000
5703,Valderrama,Province of Antique,Western Visayas,0600618000
5704,Bugasong,Province of Antique,Western Visayas,0600604000
5705,Laua-an,Province of Antique,Western Visayas,0600609000
5706,Barbaza,Province of Antique,Western Visayas,0600602000
5707,Tibiao,Province of Antique,Western Visayas,0600617000
5708,Culasi,Province of Antique,Western Visayas,0600606000
5709,Sebaste,Province of Antique,Western Visayas,0600615000
5710,Libertad,Province of Antique,Western Visayas,0600610000
5711,Caluya,Province of Antique,Western Visayas,0600605000
5712,Pandan,Province of Antique,Western Visayas,0600611000
5713,Sibalom,Province of Antique,Western Visayas,0600616000
5714,San Remegio,Province of Antique,Western Visayas,
5714,San Remigio,Province of Antique,Western Visayas,0600614000
5715,Hamtic,Province of Antique,Western Visayas,0600608000
5716,Tobias Fornier (Dao),Province of Antique,Western Visayas,0600607000
5717,Anini-y,Province of Antique,Western Visayas,0600601000
5800,Roxas City,Capiz,Western Visayas,0601914000
5801,Panay,Capiz,Western Visayas,0601909000
5802,Pontevedra,Capiz,Western Visayas,0601912000
5803,President Roxas,Capiz,Western Visayas,0601913000
5804,Pilar,Capiz,Western Visayas,0601911000
5805,Ivisan,Capiz,Western Visayas,0601905000
5806,Sapian,Capiz,Western Visayas,0601915000
5807,Mambusao,Capiz,Western Visayas,0601908000
5808,Jamindan,Capiz,Western Visayas,0601906000
5809,Maayon,Capiz,Western Visayas,0601907000
5810,Dao,Capiz,Western Visayas,0601902000
5811,Cuartero,Capiz,Western Visayas,0601901000
5812,Dumarao,Capiz,Western Visayas,0601904000
5813,Dumalag,Capiz,Western Visayas,0601903000
5814,Tapaz,Capiz,Western Visayas,0601917000
5815,Panitan,Capiz,Western Visayas,0601910000
5816,Sigma,Capiz,Western Visayas,0601916000
6000,Cebu City,Province of Cebu,Central Visayas,0730600000
6001,Consolacion,Province of Cebu,Central Visayas,0702219000
6002,Liloan,Province of Cebu,Central Visayas,0702227000
6003,Compostela,Province of Cebu,Central Visayas,0702218000
6004,Danao City,Province of Cebu,Central Visayas,0702223000
6005,Carmen,Province of Cebu,Central Visayas,0702215000
6006,Catmon,Province of Cebu,Central Visayas,0702216000
6007,Sogod,Province of Cebu,Central Visayas,0702247000
6008,Borbon,Province of Cebu,Central Visayas,0702213000
6009,Tabogon,Province of Cebu,Central Visayas,0702248000
6010,Bogo,Province of Cebu,Central Visayas,0702211000
6011,San Remegio,Province of Cebu,Central Visayas,
6011,San Remigio,Province of Cebu,Central Visayas,0702243000
6012,Medellin,Province of Cebu,Central Visayas,0702231000
6013,DaanBantayan,Province of Cebu,Central Visayas,0702221000
6014,Mandaue City,Province of Cebu,Central Visayas,0731300000
6015,Lapu-Lapu City,Province of Cebu,Central Visayas,0731100000
6016,Mactan Airport,Province of Cebu,Central Visayas,
6017,Cordova,Province of Cebu,Central Visayas,0702220000
6018,San Fernando,Province of Cebu,Central Visayas,0702241000
6019,Carcar,Province of Cebu,Central Visayas,0702214000
6020,Sibonga,Province of Cebu,Central Visayas,0702246000
6021,Argao,Province of Cebu,Central Visayas,0702205000
6022,Dalaguete,Province of Cebu,Central Visayas,0702222000
6023,Alcoy,Province of Cebu,Central Visayas,0702202000
6024,Boljoon,Province of Cebu,Central Visayas,0702212000
6025,Oslob,Province of Cebu,Central Visayas,0702235000
6026,Santander,Province of Cebu,Central Visayas,0702245000
6027,Samboan,Province of Cebu,Central Visayas,0702240000
6028,Ginatilan,Province of Cebu,Central Visayas,0702225000
6029,Malabuyoc,Province of Cebu,Central Visayas,0702229000
6030,Alegria,Province of Cebu,Central Visayas,0702203000
6031,Badian,Province of Cebu,Central Visayas,0702207000
6032,Moalboal,Province of Cebu,Central Visayas,0702233000
6033,Alcantara,Province of Cebu,Central Visayas,0702201000
6034,Ronda,Province of Cebu,Central Visayas,0702239000
6035,Dumanjug,Province of Cebu,Central Visayas,0702224000
6036,Barili,Province of Cebu,Central Visayas,0702210000
6037,Naga,Province of Cebu,Central Visayas,0702234000
6038,Toledo City,Province of Cebu,Central Visayas,0702251000
6039,Pinamungajan,Province of Cebu,Central Visayas,0702237000
6040,Aloguinsan,Province of Cebu,Central Visayas,0702204000
6041,Balamban,Province of Cebu,Central Visayas,0702208000
6042,Asturias,Province of Cebu,Central Visayas,0702206000
6043,Tuburan,Province of Cebu,Central Visayas,0702252000
6044,Tabuelan,Province of Cebu,Central Visayas,0702249000
6045,Talisay,Province of Cebu,Central Visayas,0702250000
6046,Minglanilla,Province of Cebu,Central Visayas,0702232000
6047,Santa Fe,Province of Cebu,Central Visayas,0702244000
6048,Pilar,Province of Cebu,Central Visayas,0702236000
6049,Poro,Province of Cebu,Central Visayas,0702238000
6050,San Francisco,Province of Cebu,Central Visayas,0702242000
6051,Tudela,Province of Cebu,Central Visayas,0702253000
6052,Bantayan,Province of Cebu,Central Visayas,0702209000
6053,Madridejos,Province of Cebu,Central Visayas,0702228000
6088,Aloguinsan,,,0702204000
6099,Argao,,,0702205000
6100,Bacolod City,Province of Negros Occidental,Western Visayas,1830200000
6101,Bago City,Province of Negros Occidental,Western Visayas,1804502000
6102,Pulupandan,Province of Negros Occidental,Western Visayas,1804522000
6103,Valladolid,Province of Negros Occidental,Western Visayas,1804530000
6104,San Enrique,Province of Negros Occidental,Western Visayas,1804525000
6105,Pontevedra,Province of Negros Occidental,Western Visayas,1804521000
6106,Hinigaran,Province of Negros Occidental,Western Visayas,1804511000
6107,Binalbagan,Province of Negros Occidental,Western Visayas,1804503000
6108,Himamaylan,Province of Negros Occidental,Western Visayas,1804510000
6109,Ilog,Province of Negros Occidental,Western Visayas,1804513000
6110,Candoni,Province of Negros Occidental,Western Visayas,1804506000
6111,Kabankalan,Province of Negros Occidental,Western Visayas,1804515000
6112,Cauayan,Province of Negros Occidental,Western Visayas,1804507000
6113,Sipalay,Province of Negros Occidental,Western Visayas,1804527000
6114,Hinoba-an (Asia),Province of Negros Occidental,Western Visayas,1804512000
6115,Talisay,Province of Negros Occidental,Western Visayas,1804528000
6116,Silay City,Province of Negros Occidental,Western Visayas,1804526000
6117,Silay Hawaiian Central,Province of Negros Occidental,Western Visayas,
6118,Enrique B. Magalona,Province of Negros Occidental,Western Visayas,1804508000
6118,Enrique Magalona,Province of Negros Occidental,Western Visayas,
6119,Victorias,Province of Negros Occidental,Western Visayas,1804531000
6120,Manapla,Province of Negros Occidental,Western Visayas,1804518000
6121,Cadiz City,Province of Negros Occidental,Western Visayas,1804504000
6122,Sagay,Province of Negros Occidental,Western Visayas,1804523000
6123,Paraiso (Fabrica),Province of Negros Occidental,Western Visayas,
6124,Escalante,Province of Negros Occidental,Western Visayas,1804509000
6125,Toboso,Province of Negros Occidental,Western Visayas,1804529000
6126,Calatrava,Province of Negros Occidental,Western Visayas,1804505000
6127,San Carlos City,Province of Negros Occidental,Western Visayas,1804524000
6128,Isabela,Province of Negros Occidental,Western Visayas,1804514000
6129,Murcia,Province of Negros Occidental,Western Visayas,1804520000
6130,La Carlota City,Province of Negros Occidental,Western Visayas,1804516000
6131,La Castellana,Province of Negros Occidental,Western Visayas,1804517000
6132,Moises Padilla (Magallon),Province of Negros Occidental,Western Visayas,1804519000
6133,Don Salvador Benedicto,Province of Negros Occidental,Western Visayas,
6133,Salvador Benedicto,Province of Negros Occidental,Western Visayas,1804532000
6200,Dumaguete City,Province of Negros Oriental,Central Visayas,1804610000
6201,Sibulan,Province of Negros Oriental,Central Visayas,1804620000
6202,San Jose,Province of Negros Oriental,Central Visayas,1804617000
6203,Amlan (Ayuquitan),Province of Negros Oriental,Central Visayas,1804601000
6204,Tanjay,Province of Negros Oriental,Central Visayas,1804621000
6205,Pamplona,Province of Negros Oriental,Central Visayas,1804616000
6206,Bais City,Province of Negros Oriental,Central Visayas,1804604000
6207,Mabinay,Province of Negros Oriental,Central Visayas,1804614000
6208,Manjuyod,Province of Negros Oriental,Central Visayas,1804615000
6209,Bindoy (Payabon),Province of Negros Oriental,Central Visayas,1804607000
6210,Ayungon,Province of Negros Oriental,Central Visayas,1804602000
6211,Tayasan,Province of Negros Oriental,Central Visayas,1804622000
6212,Jimalalud,Province of Negros Oriental,Central Visayas,1804612000
6213,La Libertad,Province of Negros Oriental,Central Visayas,1804613000
6214,Guihulngan,Province of Negros Oriental,Central Visayas,1804611000
6215,Valencia (Luzurriaga),Province of Negros Oriental,Central Visayas,1804623000
6216,Bacong,Province of Negros Oriental,Central Visayas,1804603000
6217,Dauin,Province of Negros Oriental,Central Visayas,1804609000
6218,Zamboanguita,Province of Negros Oriental,Central Visayas,1804625000
6219,Siaton,Province of Negros Oriental,Central Visayas,1804619000
6220,Santa Catalina,Province of Negros Oriental,Central Visayas,1804618000
6221,Bayawan (Tulong),Province of Negros Oriental,Central Visayas,1804606000
6222,Basay,Province of Negros Oriental,Central Visayas,1804605000
6223,Canlaon City,Province of Negros Oriental,Central Visayas,1804608000
6224,Vallehermoso,Province of Negros Oriental,Central Visayas,1804624000
6225,Siquijor,Province of Siquijor,Central Visayas,1806106000
6226,Larena,Province of Siquijor,Central Visayas,1806102000
6227,San Juan,Province of Siquijor,Central Visayas,1806105000
6228,Lazi,Province of Siquijor,Central Visayas,1806103000
6229,Maria,Province of Siquijor,Central Visayas,1806104000
6230,Enrique Villanueva,Province of Siquijor,Central Visayas,1806101000
6267,Dumaguete City,,,1804610000
6300,Tagbilaran City,Bohol,Central Visayas,0701242000
6301,Baclayon,Bohol,Central Visayas,0701205000
6302,Alburquerque,Bohol,Central Visayas,0701201000
6303,Loay,Bohol,Central Visayas,0701228000
6304,Lila,Bohol,Central Visayas,0701227000
6305,Dimiao,Bohol,Central Visayas,0701220000
6306,Valencia,Bohol,Central Visayas,0701247000
6307,Garcia Hernandez,Bohol,Central Visayas,0701222000
6308,Jagna,Bohol,Central Visayas,0701225000
6309,Duero,Bohol,Central Visayas,0701221000
6310,Guindulman,Bohol,Central Visayas,0701223000
6311,Anda,Bohol,Central Visayas,0701203000
6312,Candijay,Bohol,Central Visayas,0701211000
6313,Mabini,Bohol,Central Visayas,0701231000
6314,Alicia,Bohol,Central Visayas,0701202000
6315,Ubay,Bohol,Central Visayas,0701246000
6316,Loboc,Bohol,Central Visayas,0701229000
6317,Bilar,Bohol,Central Visayas,0701208000
6318,Batuan,Bohol,Central Visayas,0701207000
6319,Carmen,Bohol,Central Visayas,0701212000
6320,Sierra Bullones,Bohol,Central Visayas,0701240000
6321,Pilar,Bohol,Central Visayas,0701234000
6322,Dagohoy,Bohol,Central Visayas,0701217000
6323,San Miguel,Bohol,Central Visayas,0701238000
6324,Trinidad,Bohol,Central Visayas,0701244000
6325,Talibon,Bohol,Central Visayas,0701243000
6326,Bien Unido,Bohol,Central Visayas,0701248000
6327,Loon,Bohol,Central Visayas,0701230000
6328,Calape,Bohol,Central Visayas,0701210000
6329,Tubigon,Bohol,Central Visayas,0701245000
6330,Clarin,Bohol,Central Visayas,0701214000
6331,Sagbayan (Borja),Bohol,Central Visayas,0701236000
6332,Inabanga,Bohol,Central Visayas,0701224000
6333,Buenavista,Bohol,Central Visayas,0701209000
6334,Getafe,Bohol,Central Visayas,0701226000
6334,Jetafe,Bohol,Central Visayas,
6335,Antequera,Bohol,Central Visayas,0701204000
6336,Maribojoc,Bohol,Central Visayas,0701232000
6337,Corella,Bohol,Central Visayas,0701215000
6338,Sikatuna,Bohol,Central Visayas,0701241000
6339,Dauis,Bohol,Central Visayas,0701219000
6340,Panglao,Bohol,Central Visayas,0701233000
6341,Cortes,Bohol,Central Visayas,0701216000
6342,Balilihan,Bohol,Central Visayas,0701206000
6343,Catigbian,Bohol,Central Visayas,0701213000
6344,Danao,Bohol,Central Visayas,0701218000
6345,San Isidro,Bohol,Central Visayas,0701237000
6346,President Carlos P. Garcia (Pitogo),Bohol,Central Visayas,0701235000
6347,Sevilla,Bohol,Central Visayas,0701239000
6400,Catarman,Province of Northern Samar,Eastern Visayas,0804805000
6401,Bobon,Province of Northern Samar,Eastern Visayas,0804803000
6402,San Jose,Province of Northern Samar,Eastern Visayas,0804819000
6403,Lope de Vega,Province of Northern Samar,Eastern Visayas,0804824000
6404,Lavezares,Province of Northern Samar,Eastern Visayas,0804811000
6405,Allen,Province of Northern Samar,Eastern Visayas,0804801000
6406,Victoria,Province of Northern Samar,Eastern Visayas,0804823000
6407,San Antonio,Province of Northern Samar,Eastern Visayas,0804817000
6408,Capul,Province of Northern Samar,Eastern Visayas,0804804000
6409,San Isidro,Province of Northern Samar,Eastern Visayas,0804818000
6410,Biri,Province of Northern Samar,Eastern Visayas,0804802000
6411,Laoang,Province of Northern Samar,Eastern Visayas,0804808000
6412,Mapanas,Province of Northern Samar,Eastern Visayas,0804812000
6413,Pambujan,Province of Northern Samar,Eastern Visayas,0804815000
6414,Silvino Lobos,Province of Northern Samar,Eastern Visayas,0804822000
6415,San Roque,Province of Northern Samar,Eastern Visayas,0804820000
6416,Rosario,Province of Northern Samar,Eastern Visayas,0804816000
6417,Mondragon,Province of Northern Samar,Eastern Visayas,0804813000
6418,Catubig,Province of Northern Samar,Eastern Visayas,0804806000
6419,San Vicente,Province of Northern Samar,Eastern Visayas,0804821000
6420,Las Navas,Province of Northern Samar,Eastern Visayas,0804810000
6421,Palapag,Province of Northern Samar,Eastern Visayas,0804814000
6422,Gamay,Province of Northern Samar,Eastern Visayas,0804807000
6423,Lapinig,Province of Northern Samar,Eastern Visayas,0804809000
6500,Tacloban City,Province of Leyte,Eastern Visayas,0831600000
6501,Palo,Province of Leyte,Eastern Visayas,0803739000
6502,Tanauan,Province of Leyte,Eastern Visayas,0803748000
6503,Tolosa,Province of Leyte,Eastern Visayas,0803749000
6504,Tabontabon,Province of Leyte,Eastern Visayas,0803746000
6505,Dulag,Province of Leyte,Eastern Visayas,0803718000
6506,Julita,Province of Leyte,Eastern Visayas,0803725000
6507,Mayorga,Province of Leyte,Eastern Visayas,0803735000
6508,La Paz,Province of Leyte,Eastern Visayas,0803728000
6509,Macarthur,Province of Leyte,Eastern Visayas,0803730000
6510,Abuyog,Province of Leyte,Eastern Visayas,0803701000
6511,Javier (Bugho),Province of Leyte,Eastern Visayas,0803724000
6512,Mahaplag,Province of Leyte,Eastern Visayas,0803731000
6513,Sta. Fe,Province of Leyte,Eastern Visayas,0803744000
6514,Pastrana,Province of Leyte,Eastern Visayas,0803741000
6515,Dagami,Province of Leyte,Eastern Visayas,0803717000
6516,Burauen,Province of Leyte,Eastern Visayas,0803710000
6517,Alangalang,Province of Leyte,Eastern Visayas,0803702000
6518,San Miguel,Province of Leyte,Eastern Visayas,0803743000
6519,Barugo,Province of Leyte,Eastern Visayas,0803706000
6520,Babatngon,Province of Leyte,Eastern Visayas,0803705000
6521,Baybay,Province of Leyte,Eastern Visayas,0803708000
6522,Inopacan,Province of Leyte,Eastern Visayas,0803721000
6523,Hindang,Province of Leyte,Eastern Visayas,0803720000
6524,Hilongos,Province of Leyte,Eastern Visayas,0803719000
6525,Bato,Province of Leyte,Eastern Visayas,0803707000
6526,Matalom,Province of Leyte,Eastern Visayas,0803734000
6527,Jaro,Province of Leyte,Eastern Visayas,0803723000
6528,Tunga,Province of Leyte,Eastern Visayas,0803750000
6529,Carigara,Province of Leyte,Eastern Visayas,0803715000
6530,Capoocan,Province of Leyte,Eastern Visayas,0803714000
6531,Kananga,Province of Leyte,Eastern Visayas,0803726000
6532,Matag-ob,Province of Leyte,Eastern Visayas,0803733000
6533,Leyte,Province of Leyte,Eastern Visayas,0803729000
6534,Calubian,Province of Leyte,Eastern Visayas,0803713000
6535,San Isidro,Province of Leyte,Eastern Visayas,0803742000
6536,Tabango,Province of Leyte,Eastern Visayas,0803745000
6537,Villaba,Province of Leyte,Eastern Visayas,0803751000
6538,Palompon,Province of Leyte,Eastern Visayas,0803740000
6539,Isabel,Province of Leyte,Eastern Visayas,0803722000
6540,Merida,Province of Leyte,Eastern Visayas,0803736000
6541,Ormoc City,Province of Leyte,Eastern Visayas,0803738000
6542,Albuera,Province of Leyte,Eastern Visayas,0803703000
6543,Naval,Biliran,Eastern Visayas,0807808000
6544,Almeria,Biliran,Eastern Visayas,0807801000
6545,Kawayan,Biliran,Eastern Visayas,0807806000
6546,Maripipi,Biliran,Eastern Visayas,0807807000
6547,Culaba,Biliran,Eastern Visayas,0807805000
6548,Caibiran,Biliran,Eastern Visayas,0807804000
6549,Biliran,Biliran,Eastern Visayas,0807802000
6550,Cabucgayan,Biliran,Eastern Visayas,0807803000
6600,Maasin,Province of Southern Leyte,Eastern Visayas,0806407000
6601,Macrohon,Province of Southern Leyte,Eastern Visayas,0806408000
6602,Padre Burgos,Province of Southern Leyte,Eastern Visayas,0806410000
6603,Malitbog,Province of Southern Leyte,Eastern Visayas,0806409000
6604,Bontoc,Province of Southern Leyte,Eastern Visayas,0806402000
6605,Tomas Oppus,Province of Southern Leyte,Eastern Visayas,0806418000
6606,Sogod,Province of Southern Leyte,Eastern Visayas,0806417000
6607,Silago,Province of Southern Leyte,Eastern Visayas,0806416000
6608,Hinunangan,Province of Southern Leyte,Eastern Visayas,0806403000
6609,Hinundayan,Province of Southern Leyte,Eastern Visayas,0806404000
6610,Anahawan,Province of Southern Leyte,Eastern Visayas,0806401000
6611,San Juan (Cabalian),Province of Southern Leyte,Eastern Visayas,0806414000
6612,Liloan,Province of Southern Leyte,Eastern Visayas,0806406000
6613,San Francisco,Province of Southern Leyte,Eastern Visayas,0806413000
6614,Pintuyan,Province of Southern Leyte,Eastern Visayas,0806411000
6615,Libagon,Province of Southern Leyte,Eastern Visayas,0806405000
6616,Saint Bernard,Province of Southern Leyte,Eastern Visayas,0806412000
6617,San Ricardo,Province of Southern Leyte,Eastern Visayas,0806415000
6618,Limasawa,Province of Southern Leyte,Eastern Visayas,0806419000
6666,Char Lang,,,
6700,Catbalogan,Province of Samar,Eastern Visayas,0806005000
6701,Jiabong,Province of Samar,Eastern Visayas,0806009000
6702,Motiong,Province of Samar,Eastern Visayas,0806012000
6703,Paranas,Province of Samar,Eastern Visayas,0806022000
6703,Wright,Province of Samar,Eastern Visayas,
6704,Tarangnan,Province of Samar,Eastern Visayas,0806020000
6705,Pagsanghan,Province of Samar,Eastern Visayas,0806026000
6706,Gandara,Province of Samar,Eastern Visayas,0806007000
6707,San Jorge,Province of Samar,Eastern Visayas,0806025000
6708,Matuguinao,Province of Samar,Eastern Visayas,0806011000
6709,Sta. Margarita,Province of Samar,Eastern Visayas,0806016000
6710,Calbayog City,Province of Samar,Eastern Visayas,0806003000
6711,Sto. Niño,Province of Samar,Eastern Visayas,0806018000
6712,Tagapul-an,Province of Samar,Eastern Visayas,0806024000
6713,Hinabangan,Province of Samar,Eastern Visayas,0806008000
6714,San Sebastian,Province of Samar,Eastern Visayas,0806015000
6715,Calbiga,Province of Samar,Eastern Visayas,0806004000
6716,Pinabacdao,Province of Samar,Eastern Visayas,0806013000
6717,Villareal,Province of Samar,Eastern Visayas,0806021000
6718,Sta. Rita,Province of Samar,Eastern Visayas,0806017000
6719,Talalora,Province of Samar,Eastern Visayas,0806019000
6720,Basey,Province of Samar,Eastern Visayas,0806002000
6721,Marabut,Province of Samar,Eastern Visayas,0806010000
6722,Daram,Province of Samar,Eastern Visayas,0806006000
6723,San Jose de Buan,Province of Samar,Eastern Visayas,0806014000
6724,Almagro,Province of Samar,Eastern Visayas,0806001000
6725,Zumarraga,Province of Samar,Eastern Visayas,0806023000
6800,Borongan,Province of Eastern Samar,Eastern Visayas,0802604000
6801,Balangkayan,Province of Eastern Samar,Eastern Visayas,0802603000
6802,Maydolong,Province of Eastern Samar,Eastern Visayas,0802615000
6803,Llorente,Province of Eastern Samar,Eastern Visayas,0802613000
6804,Hernani,Province of Eastern Samar,Eastern Visayas,0802610000
6805,General  MacArthur,Province of Eastern Samar,Eastern Visayas,0802607000
6806,Can-Avid,Province of Eastern Samar,Eastern Visayas,0802605000
6807,Salcedo,Province of Eastern Samar,Eastern Visayas,0802619000
6808,Mercedes,Province of Eastern Samar,Eastern Visayas,0802616000
6809,Guiuan,Province of Eastern Samar,Eastern Visayas,0802609000
6810,Quinapondan,Province of Eastern Samar,Eastern Visayas,0802618000
6811,Giporlos,Province of Eastern Samar,Eastern Visayas,0802608000
6812,Balangiga,Province of Eastern Samar,Eastern Visayas,0802602000
6813,Lawaan,Province of Eastern Samar,Eastern Visayas,0802612000
6814,San Julian,Province of Eastern Samar,Eastern Visayas,0802620000
6815,Sulat,Province of Eastern Samar,Eastern Visayas,0802622000
6816,Taft,Province of Eastern Samar,Eastern Visayas,0802623000
6817,Dolores,Province of Eastern Samar,Eastern Visayas,0802606000
6818,Oras,Province of Eastern Samar,Eastern Visayas,0802617000
6819,Jipapad,Province of Eastern Samar,Eastern Visayas,0802611000
6820,Maslog,Province of Eastern Samar,Eastern Visayas,0802614000
6821,San Policarpio,Province of Eastern Samar,Eastern Visayas,
6821,San Policarpo,Province of Eastern Samar,Eastern Visayas,0802621000
6822,Arteche,Province of Eastern Samar,Eastern Visayas,0802601000
7000,Zamboanga City,Province of Zamboanga del Sur,Zamboanga Peninsula,0931700000
7001,Ipil,Province of Zamboanga Sibugay,Zamboanga Peninsula,0908305000
7002,Roseller Lim,Province of Zamboanga Sibugay,Zamboanga Peninsula,0908312000
7003,Titay,Province of Zamboanga Sibugay,Zamboanga Peninsula,0908315000
7004,Naga,Province of Zamboanga Sibugay,Zamboanga Peninsula,0908309000
7005,Kabasalan,Province of Zamboanga Sibugay,Zamboanga Peninsula,0908306000
7006,Siay,Province of Zamboanga Sibugay,Zamboanga Peninsula,0908313000
7007,Imelda,Province of Zamboanga Sibugay,Zamboanga Peninsula,0908304000
7008,Payao,Province of Zamboanga Sibugay,Zamboanga Peninsula,0908311000
7009,Buug,Province of Zamboanga Sibugay,Zamboanga Peninsula,0908302000
7010,Mabuhay,Province of Zamboanga Sibugay,Zamboanga Peninsula,0908307000
7011,Bayog,Province of Zamboanga del Sur,Zamboanga Peninsula,0907303000
7012,Talusan,Province of Zamboanga Sibugay,Zamboanga Peninsula,0908314000
7013,Kumalarang,Province of Zamboanga del Sur,Zamboanga Peninsula,0907311000
7014,Lakewood,Province of Zamboanga del Sur,Zamboanga Peninsula,0907333000
7015,Dumalinao,Province of Zamboanga del Sur,Zamboanga Peninsula,0907307000
7016,Pagadian City,Province of Zamboanga del Sur,Zamboanga Peninsula,0907322000
7017,Labangan,Province of Zamboanga del Sur,Zamboanga Peninsula,0907312000
7018,Tungawan,Province of Zamboanga Sibugay,Zamboanga Peninsula,0908316000
7019,Tukuran,Province of Zamboanga del Sur,Zamboanga Peninsula,0907330000
7020,Aurora,Province of Zamboanga del Sur,Zamboanga Peninsula,0907302000
7021,Midsalip,Province of Zamboanga del Sur,Zamboanga Peninsula,0907318000
7022,Don Mariano Marcos,Province of Zamboanga del Sur,Zamboanga Peninsula,
7022,Sominot,Province of Zamboanga del Sur,Zamboanga Peninsula,0907340000
7023,Molave,Province of Zamboanga del Sur,Zamboanga Peninsula,0907319000
7024,Ramon Magsaysay,Province of Zamboanga del Sur,Zamboanga Peninsula,0907323000
7025,Tambulig,Province of Zamboanga del Sur,Zamboanga Peninsula,0907328000
7026,Mahayag,Province of Zamboanga del Sur,Zamboanga Peninsula,0907315000
7027,Josefina,Province of Zamboanga del Sur,Zamboanga Peninsula,0907337000
7028,Dumingag,Province of Zamboanga del Sur,Zamboanga Peninsula,0907308000
7029,San Miguel,Province of Zamboanga del Sur,Zamboanga Peninsula,0907324000
7030,Dinas,Province of Zamboanga del Sur,Zamboanga Peninsula,0907306000
7031,San Pablo,Province of Zamboanga del Sur,Zamboanga Peninsula,0907325000
7032,Dimataling,Province of Zamboanga del Sur,Zamboanga Peninsula,0907305000
7033,Pitogo,Province of Zamboanga del Sur,Zamboanga Peninsula,0907338000
7034,Tabina,Province of Zamboanga del Sur,Zamboanga Peninsula,0907327000
7035,Margo sa Tubig,Province of Zamboanga del Sur,Zamboanga Peninsula,0907317000
7036,Vicencio Sagun,Province of Zamboanga del Sur,Zamboanga Peninsula,
7036,Vincenzo A. Sagun,Province of Zamboanga del Sur,Zamboanga Peninsula,0907341000
7037,Lapuyan,Province of Zamboanga del Sur,Zamboanga Peninsula,0907313000
7038,Malangas,Province of Zamboanga Sibugay,Zamboanga Peninsula,0908308000
7039,Diplahan,Province of Zamboanga Sibugay,Zamboanga Peninsula,0908303000
7040,Alicia,Province of Zamboanga Sibugay,Zamboanga Peninsula,0908301000
7041,Olutanga,Province of Zamboanga Sibugay,Zamboanga Peninsula,0908310000
7042,Guipos,Province of Zamboanga del Sur,Zamboanga Peninsula,0907343000
7043,Tigbao,Province of Zamboanga del Sur,Zamboanga Peninsula,0907344000
7100,Dipolog City,Province of Zamboanga del Norte,Zamboanga Peninsula,0907202000
7101,Dapitan City,Province of Zamboanga del Norte,Zamboanga Peninsula,0907201000
7102,Pres. Manuel A. Roxas,Province of Zamboanga del Norte,Zamboanga Peninsula,0907211000
7102,President Manuel A. Roxas,Province of Zamboanga del Norte,Zamboanga Peninsula,
7103,Sibutad,Province of Zamboanga del Norte,Zamboanga Peninsula,0907217000
7104,Rizal,Province of Zamboanga del Norte,Zamboanga Peninsula,0907212000
7105,Piñan (New Piñan),Province of Zamboanga del Norte,Zamboanga Peninsula,0907209000
7106,Polanco,Province of Zamboanga del Norte,Zamboanga Peninsula,0907210000
7107,Mutia,Province of Zamboanga del Norte,Zamboanga Peninsula,0907208000
7108,Sergio Osmeña,Province of Zamboanga del Norte,Zamboanga Peninsula,
7108,Sergio Osmeña Sr.,Province of Zamboanga del Norte,Zamboanga Peninsula,0907214000
7109,Katipunan,Province of Zamboanga del Norte,Zamboanga Peninsula,0907203000
7110,Manukan,Province of Zamboanga del Norte,Zamboanga Peninsula,0907207000
7111,Jose Dalman (Ponot),Province of Zamboanga del Norte,Zamboanga Peninsula,0907222000
7112,Sindangan,Province of Zamboanga del Norte,Zamboanga Peninsula,0907218000
7113,Siayan,Province of Zamboanga del Norte,Zamboanga Peninsula,0907215000
7114,Salug,Province of Zamboanga del Norte,Zamboanga Peninsula,0907213000
7115,Liloy,Province of Zamboanga del Norte,Zamboanga Peninsula,0907206000
7116,Tampilisan,Province of Zamboanga del Norte,Zamboanga Peninsula,0907221000
7117,Labason,Province of Zamboanga del Norte,Zamboanga Peninsula,0907205000
7118,Gutalac,Province of Zamboanga del Norte,Zamboanga Peninsula,0907223000
7119,La Libertad,Province of Zamboanga del Norte,Zamboanga Peninsula,0907204000
7120,Siocon,Province of Zamboanga del Norte,Zamboanga Peninsula,0907219000
7121,Sirawai,Province of Zamboanga del Norte,Zamboanga Peninsula,0907220000
7121,Siraway,Province of Zamboanga del Norte,Zamboanga Peninsula,
7122,Sibuco,Province of Zamboanga del Norte,Zamboanga Peninsula,0907216000
7123,Baliguian,Province of Zamboanga del Norte,Zamboanga Peninsula,0907224000
7124,Kalawit,Province of Zamboanga del Norte,Zamboanga Peninsula,0907227000
7125,Leon B. Postigo (Bacungan),Province of Zamboanga del Norte,Zamboanga Peninsula,
7125,Leon T. Postigo,Province of Zamboanga del Norte,Zamboanga Peninsula,0907226000
7126,Godod,Province of Zamboanga del Norte,Zamboanga Peninsula,0907225000
7200,Ozamis City,Province of Misamis Occidental,Northern Mindanao,
7200,Ozamiz City,Province of Misamis Occidental,Northern Mindanao,1004210000
7201,Clarin,Province of Misamis Occidental,Northern Mindanao,1004205000
7202,Tudela,Province of Misamis Occidental,Northern Mindanao,1004216000
7203,Sinacaban,Province of Misamis Occidental,Northern Mindanao,1004214000
7204,Jimenez,Province of Misamis Occidental,Northern Mindanao,1004207000
7205,Panaon,Province of Misamis Occidental,Northern Mindanao,1004211000
7206,Aloran,Province of Misamis Occidental,Northern Mindanao,1004201000
7207,Oroquieta City,Province of Misamis Occidental,Northern Mindanao,1004209000
7208,Lopez Jaena,Province of Misamis Occidental,Northern Mindanao,1004208000
7209,Plaridel,Province of Misamis Occidental,Northern Mindanao,1004212000
7210,Calamba,Province of Misamis Occidental,Northern Mindanao,1004204000
7211,Baliangao,Province of Misamis Occidental,Northern Mindanao,1004202000
7212,Sapang dalaga,Province of Misamis Occidental,Northern Mindanao,1004213000
7213,Concepcion,Province of Misamis Occidental,Northern Mindanao,1004206000
7214,Tangub City,Province of Misamis Occidental,Northern Mindanao,1004215000
7215,Bonifacio,Province of Misamis Occidental,Northern Mindanao,1004203000
7216,Don Victoriano,Province of Misamis Occidental,Northern Mindanao,1004217000
7216,Don Victoriano Chiongbian,Province of Misamis Occidental,Northern Mindanao,
7300,Isabela City,Province of Basilan,Autonomous Region in Muslim Mindanao,0990101000
7300,Isabela de Basilan,Province of Basilan,Autonomous Region in Muslim Mindanao,
7301,Lantawan,Province of Basilan,Autonomous Region in Muslim Mindanao,1900703000
7302,Lamitan,Province of Basilan,Autonomous Region in Muslim Mindanao,1900702000
7303,Maluso,Province of Basilan,Autonomous Region in Muslim Mindanao,1900704000
7304,Tipo-Tipo,Province of Basilan,Autonomous Region in Muslim Mindanao,1900706000
7305,Sumisip,Province of Basilan,Autonomous Region in Muslim Mindanao,1900705000
7306,Tuburan,Province of Basilan,Autonomous Region in Muslim Mindanao,1900707000
7307,Akbar,Province of Basilan,Autonomous Region in Muslim Mindanao,1900708000
7308,Al-Barka,Province of Basilan,Autonomous Region in Muslim Mindanao,1900709000
7309,Hadji Mohammad Ajul,Province of Basilan,Autonomous Region in Muslim Mindanao,1900710000
7310,Hadji Muhtamad,Province of Basilan,Autonomous Region in Muslim Mindanao,1900712000
7311,Ungkaya Pukan,Province of Basilan,Autonomous Region in Muslim Mindanao,1900711000
7312,Tabuan-Lasa,Province of Basilan,Autonomous Region in Muslim Mindanao,1900713000
7400,Jolo,Province of Sulu,Autonomous Region in Muslim Mindanao,0906602000
7401,Patikul,Province of Sulu,Autonomous Region in Muslim Mindanao,0906611000
7402,Old Panamao,Province of Sulu,Autonomous Region in Muslim Mindanao,0906607000
7402,Panamao,Province of Sulu,Autonomous Region in Muslim Mindanao,
7403,Talipao,Province of Sulu,Autonomous Region in Muslim Mindanao,0906613000
7404,Luuk,Province of Sulu,Autonomous Region in Muslim Mindanao,0906604000
7405,Pata,Province of Sulu,Autonomous Region in Muslim Mindanao,0906610000
7406,Banguingui (formerly Tongkil),Province of Sulu,Autonomous Region in Muslim Mindanao,
7406,Tongkil,Province of Sulu,Autonomous Region in Muslim Mindanao,0906615000
7407,Indanan,Province of Sulu,Autonomous Region in Muslim Mindanao,0906601000
7408,Parang,Province of Sulu,Autonomous Region in Muslim Mindanao,0906609000
7409,Maimbung,Province of Sulu,Autonomous Region in Muslim Mindanao,0906605000
7410,Tapul,Province of Sulu,Autonomous Region in Muslim Mindanao,0906614000
7411,Lugus,Province of Sulu,Autonomous Region in Muslim Mindanao,0906617000
7412,Siasi,Province of Sulu,Autonomous Region in Muslim Mindanao,0906612000
7413,Hadji Panglima Tahil (formerly Marungas),Province of Sulu,Autonomous Region in Muslim Mindanao,0906606000
7414,Panguntaran,Province of Sulu,Autonomous Region in Muslim Mindanao,
7414,Pangutaran,Province of Sulu,Autonomous Region in Muslim Mindanao,0906608000
7415,Panglima Estino,Province of Sulu,Autonomous Region in Muslim Mindanao,0906616000
7416,Kalingalan Caluang,Province of Sulu,Autonomous Region in Muslim Mindanao,0906603000
7416,Kalingalan Kalauang,Province of Sulu,Autonomous Region in Muslim Mindanao,
7417,Omar,Province of Sulu,Autonomous Region in Muslim Mindanao,0906619000
7418,Pandami,Province of Sulu,Autonomous Region in Muslim Mindanao,0906618000
7500,Bongao,Province of Tawi-Tawi,Autonomous Region in Muslim Mindanao,1907002000
7501,Panglima Sugala (formerly Balimbing),Province of Tawi-Tawi,Autonomous Region in Muslim Mindanao,1907001000
7502,Tandu Bas,Province of Tawi-Tawi,Autonomous Region in Muslim Mindanao,1907007000
7503,Sapa-Sapa,Province of Tawi-Tawi,Autonomous Region in Muslim Mindanao,1907010000
7504,South Ubian,Province of Tawi-Tawi,Autonomous Region in Muslim Mindanao,1907006000
7505,Simunul,Province of Tawi-Tawi,Autonomous Region in Muslim Mindanao,1907004000
7506,Sitangkai,Province of Tawi-Tawi,Autonomous Region in Muslim Mindanao,1907005000
7507,Turtle Island (Taganak),Province of Tawi-Tawi,Autonomous Region in Muslim Mindanao,
7507,Turtle Islands,Province of Tawi-Tawi,Autonomous Region in Muslim Mindanao,1907008000
7508,Mapun (formerly Cagayan de Sulu),Province of Tawi-Tawi,Autonomous Region in Muslim Mindanao,1907003000
7509,Languyan,Province of Tawi-Tawi,Autonomous Region in Muslim Mindanao,1907009000
7510,Sibutu,Province of Tawi-Tawi,Autonomous Region in Muslim Mindanao,1907011000
8000,Davao City,Province of Davao del Sur,Davao,1130700000
8001,Santa Cruz,Province of Davao del Sur,Davao,1102412000
8002,Digos,Province of Davao del Sur,Davao,1102403000
8003,Matanao,Province of Davao del Sur,Davao,1102410000
8004,Magsaysay,Province of Davao del Sur,Davao,1102407000
8005,Bansalan,Province of Davao del Sur,Davao,1102401000
8006,Hagonoy,Province of Davao del Sur,Davao,1102404000
8007,Padada,Province of Davao del Sur,Davao,1102411000
8008,Kiblawan,Province of Davao del Sur,Davao,1102406000
8009,Sulop,Province of Davao del Sur,Davao,1102414000
8010,Malalag,Province of Davao del Sur,Davao,1102408000
8011,Santa Maria,Davao Occidental,Davao,1108604000
8012,Malita,Davao Occidental,Davao,1108603000
8013,Don Marcelino,Davao Occidental,Davao,1108601000
8014,Jose Abad Santos,Davao Occidental,Davao,1108602000
8015,Sarangani,Davao Occidental,Davao,1108605000
8016,Ateneo,Province of Davao del Sur,Davao,
8017,Bunawan,Province of Davao del Sur,Davao,
8018,Calinan,Province of Davao del Sur,Davao,
8019,Davao International Airport,Province of Davao del Sur,Davao,
8020,Mandug,Province of Davao del Sur,Davao,
8021,Matina,Province of Davao del Sur,Davao,
8022,Mintal,Province of Davao del Sur,Davao,
8023,Talomo,Province of Davao del Sur,Davao,
8024,Tibungco,Province of Davao del Sur,Davao,
8025,Toril,Province of Davao del Sur,Davao,
8026,University of Mindanao,Province of Davao del Sur,Davao,
8100,Tagum,Province of Davao del Norte,Davao,1102319000
8101,Carmen,Province of Davao del Norte,Davao,1102303000
8102,Asuncion (formerly Saug),Province of Davao del Norte,Davao,1102301000
8103,Laak (San Vicente),,,1108202000
8104,New Corella,Province of Davao del Norte,Davao,1102314000
8105,Panabo,Province of Davao del Norte,Davao,1102315000
8106,Braulio E. Dujali,Province of Davao del Norte,Davao,1102323000
8107,Talaingod,Province of Davao del Norte,Davao,1102322000
8108,Mawab,,,1108206000
8109,Compostela,,,
8110,New Bataan,,,1108210000
8111,Monkayo,,,1108207000
8112,Santo Tomas,Province of Davao del Norte,Davao,1102318000
8113,Kapalong,Province of Davao del Norte,Davao,1102305000
8114,Maco,,,1108204000
8115,Mabini (Doña Alicia),,,
8116,Maragusan (San Mariano),,,1108205000
8117,Pantukan,,,1108211000
8118,Babak,Province of Davao del Norte,Davao,
8118,Island Garden City of Samal,Province of Davao del Norte,Davao,1102317000
8119,Island Garden City of Samal,Province of Davao del Norte,Davao,1102317000
8119,Samal,Province of Davao del Norte,Davao,
8120,Island Garden City of Samal,Province of Davao del Norte,Davao,1102317000
8120,Kaputian,Province of Davao del Norte,Davao,
8121,San Isidro,Province of Davao del Norte,Davao,
8121,Sawata,Province of Davao del Norte,Davao,1102324000
8200,Mati,Province of Davao Oriental,Davao,1102509000
8201,Tarragona,Province of Davao Oriental,Davao,1102511000
8202,Manay,Province of Davao Oriental,Davao,1102508000
8203,Caraga,Province of Davao Oriental,Davao,1102504000
8204,Baganga,Province of Davao Oriental,Davao,1102501000
8205,Cateel,Province of Davao Oriental,Davao,1102505000
8206,Boston,Province of Davao Oriental,Davao,1102503000
8207,Lupon,Province of Davao Oriental,Davao,1102507000
8208,Banaybanay,Province of Davao Oriental,Davao,1102502000
8209,San Isidro,Province of Davao Oriental,Davao,1102510000
8210,Gov. Generoso,Province of Davao Oriental,Davao,
8210,Governor Generoso,Province of Davao Oriental,Davao,1102506000
8300,Tandag,Province of Surigao del Sur,Caraga,1606819000
8301,San Miguel,Province of Surigao del Sur,Caraga,1606816000
8302,Tago,Province of Surigao del Sur,Caraga,1606818000
8303,Bayabas,Province of Surigao del Sur,Caraga,1606802000
8304,Cagwait,Province of Surigao del Sur,Caraga,1606804000
8305,San Agustin,Province of Surigao del Sur,Caraga,1606815000
8306,Marihatag,Province of Surigao del Sur,Caraga,1606814000
8307,Lianga,Province of Surigao del Sur,Caraga,1606811000
8308,Tagbina,Province of Surigao del Sur,Caraga,1606817000
8309,Barobo,Province of Surigao del Sur,Caraga,1606801000
8310,Hinatuan,Province of Surigao del Sur,Caraga,1606809000
8311,Bislig,Province of Surigao del Sur,Caraga,1606803000
8312,Lingig,Province of Surigao del Sur,Caraga,1606812000
8313,Cortes,Province of Surigao del Sur,Caraga,1606808000
8313,Cortez,Province of Surigao del Sur,Caraga,
8314,Lanuza,Province of Surigao del Sur,Caraga,1606810000
8315,Carmen,Province of Surigao del Sur,Caraga,1606806000
8316,Madrid,Province of Surigao del Sur,Caraga,1606813000
8317,Cantilan,Province of Surigao del Sur,Caraga,1606805000
8318,Carrascal,Province of Surigao del Sur,Caraga,1606807000
8319,Malixi,Province of Surigao del Sur,Caraga,
8400,Surigao City,Province of Surigao del Norte,Caraga,1606724000
8401,San Francisco,Province of Surigao del Norte,Caraga,1606719000
8402,Malimono,Province of Surigao del Norte,Caraga,1606715000
8403,Tagana-an,Province of Surigao del Norte,Caraga,1606725000
8404,Sison,Province of Surigao del Norte,Caraga,1606722000
8405,Placer,Province of Surigao del Norte,Caraga,1606717000
8406,Tubod,Province of Surigao del Norte,Caraga,1606727000
8407,Mainit,Province of Surigao del Norte,Caraga,1606714000
8408,Bacuag,Province of Surigao del Norte,Caraga,1606702000
8409,Gigaquit,Province of Surigao del Norte,Caraga,1606711000
8410,Claver,Province of Surigao del Norte,Caraga,1606706000
8411,Cagdianao,Dinagat Islands,Caraga,1608502000
8412,Dinagat,Dinagat Islands,Caraga,1608503000
8413,Basilisa (formerly Rizal),Dinagat Islands,Caraga,1608501000
8414,Libjo (formerly Albor),Dinagat Islands,Caraga,1608504000
8415,Loreto,Dinagat Islands,Caraga,1608505000
8416,Socorro,Province of Surigao del Norte,Caraga,1606723000
8417,Dapa,Province of Surigao del Norte,Caraga,1606707000
8418,Del Carmen,Province of Surigao del Norte,Caraga,1606708000
8419,Gen. Luna,Province of Surigao del Norte,Caraga,
8419,General Luna,Province of Surigao del Norte,Caraga,1606710000
8420,Pilar,Province of Surigao del Norte,Caraga,1606716000
8421,San Isidro,Province of Surigao del Norte,Caraga,1606720000
8422,Sta. Monica,Province of Surigao del Norte,Caraga,1606721000
8423,San Benito,Province of Surigao del Norte,Caraga,1606718000
8424,Burgos,Province of Surigao del Norte,Caraga,1606704000
8425,Alegria,Province of Surigao del Norte,Caraga,1606701000
8426,Tubajon,Dinagat Islands,Caraga,1608507000
8427,San Jose,Dinagat Islands,Caraga,1608506000
8500,Prosperidad,Province of Agusan del Sur,Caraga,1600306000
8501,San Francisco,Province of Agusan del Sur,Caraga,1600308000
8502,Bayugan,Province of Agusan del Sur,Caraga,1600301000
8503,Sibagat,Province of Agusan del Sur,Caraga,1600314000
8504,Rosario,Province of Agusan del Sur,Caraga,1600307000
8505,Trento,Province of Agusan del Sur,Caraga,1600312000
8506,Bunawan,Province of Agusan del Sur,Caraga,1600302000
8507,Loreto,Province of Agusan del Sur,Caraga,1600305000
8508,La Paz,Province of Agusan del Sur,Caraga,1600304000
8509,Veruela,Province of Agusan del Sur,Caraga,1600313000
8510,Talacogon,Province of Agusan del Sur,Caraga,1600311000
8511,San Luis,Province of Agusan del Sur,Caraga,1600309000
8512,Sta. Josefa,Province of Agusan del Sur,Caraga,1600310000
8513,Esperanza,Province of Agusan del Sur,Caraga,1600303000
8600,Butuan City,Province of Agusan del Norte,Caraga,1630400000
8601,Buenavista,Province of Agusan del Norte,Caraga,1600201000
8602,Nasipit,Province of Agusan del Norte,Caraga,1600209000
8603,Carmen,Province of Agusan del Norte,Caraga,1600204000
8604,Magallanes,Province of Agusan del Norte,Caraga,1600208000
8605,Cabadbaran,Province of Agusan del Norte,Caraga,1600203000
8606,Tubay,Province of Agusan del Norte,Caraga,1600211000
8607,Jabonga,Province of Agusan del Norte,Caraga,1600205000
8608,Santiago,Province of Agusan del Norte,Caraga,1600210000
8609,Kitcharao,Province of Agusan del Norte,Caraga,1600206000
8610,Las Nieves,Province of Agusan del Norte,Caraga,1600207000
8611,Remedios T. Romualdez,Province of Agusan del Norte,Caraga,1600212000
8700,Malaybalay,Province of Bukidnon,Northern Mindanao,1001312000
8701,Sumilao,Province of Bukidnon,Northern Mindanao,1001319000
8702,Impasugong,Province of Bukidnon,Northern Mindanao,1001305000
8703,Manolo Fortich,Province of Bukidnon,Northern Mindanao,1001314000
8704,Malitbog,Province of Bukidnon,Northern Mindanao,1001313000
8705,Phillips,Province of Bukidnon,Northern Mindanao,
8706,Libona,Province of Bukidnon,Northern Mindanao,1001311000
8707,Baungon,Province of Bukidnon,Northern Mindanao,1001301000
8708,Talakag,Province of Bukidnon,Northern Mindanao,1001320000
8709,Valencia,Province of Bukidnon,Northern Mindanao,1001321000
8710,Musuan,Province of Bukidnon,Northern Mindanao,
8711,San Fernando,Province of Bukidnon,Northern Mindanao,1001318000
8712,Don Carlos,Province of Bukidnon,Northern Mindanao,1001304000
8713,Kadingilan,Province of Bukidnon,Northern Mindanao,1001306000
8714,Maramag,Province of Bukidnon,Northern Mindanao,1001315000
8715,Quezon,Province of Bukidnon,Northern Mindanao,1001317000
8716,Kitaotao,Province of Bukidnon,Northern Mindanao,1001309000
8717,Pangantucan,Province of Bukidnon,Northern Mindanao,1001316000
8718,Kalilangan,Province of Bukidnon,Northern Mindanao,1001307000
8719,Dangcagan,Province of Bukidnon,Northern Mindanao,1001303000
8720,Kibawe,Province of Bukidnon,Northern Mindanao,1001308000
8721,Damulog,Province of Bukidnon,Northern Mindanao,1001302000
8722,Lantapan,Province of Bukidnon,Northern Mindanao,1001310000
8723,Cabanglasan,Province of Bukidnon,Northern Mindanao,1001322000
8800,Nabunturan,Davao de Oro,Davao,1108209000
8801,Montevista,Davao de Oro,Davao,1108208000
8802,Mawab,Davao de Oro,Davao,1108206000
8803,Compostela,Davao de Oro,Davao,1108201000
8804,New Bataan,Davao de Oro,Davao,1108210000
8805,Monkayo,Davao de Oro,Davao,1108207000
8806,Maco,Davao de Oro,Davao,1108204000
8807,Mabini,Davao de Oro,Davao,1108203000
8808,Maragusan (formerly San Mariano),Davao de Oro,Davao,1108205000
8809,Pantukan,Davao de Oro,Davao,1108211000
8810,Laak (formerly San Vicente),Davao de Oro,Davao,1108202000
9000,Cagayan de Oro City,Province of Misamis Oriental,Northern Mindanao,1030500000
9001,Tagoloan,Province of Misamis Oriental,Northern Mindanao,1004324000
9002,Villanueva,Province of Misamis Oriental,Northern Mindanao,1004326000
9003,Jasaan,Province of Misamis Oriental,Northern Mindanao,1004311000
9004,Claveria,Province of Misamis Oriental,Northern Mindanao,1004306000
9005,Balingasag,Province of Misamis Oriental,Northern Mindanao,1004302000
9006,Lagonglong,Province of Misamis Oriental,Northern Mindanao,1004313000
9007,Salay,Province of Misamis Oriental,Northern Mindanao,1004322000
9008,Binuangan,Province of Misamis Oriental,Northern Mindanao,1004304000
9009,Sugbongcogon,Province of Misamis Oriental,Northern Mindanao,1004323000
9010,Kinoguitan,Province of Misamis Oriental,Northern Mindanao,1004312000
9011,Balingoan,Province of Misamis Oriental,Northern Mindanao,1004303000
9012,Talisayan,Province of Misamis Oriental,Northern Mindanao,1004325000
9013,Medina,Province of Misamis Oriental,Northern Mindanao,1004319000
9014,Gingoog City,Province of Misamis Oriental,Northern Mindanao,1004308000
9015,Magsaysay,Province of Misamis Oriental,Northern Mindanao,1004317000
9016,Opol,Province of Misamis Oriental,Northern Mindanao,1004321000
9017,El Salvador,Province of Misamis Oriental,Northern Mindanao,1004307000
9018,Alubijid,Province of Misamis Oriental,Northern Mindanao,1004301000
9019,Laguindingan,Province of Misamis Oriental,Northern Mindanao,1004314000
9020,Gitagum,Province of Misamis Oriental,Northern Mindanao,1004309000
9021,Libertad,Province of Misamis Oriental,Northern Mindanao,1004315000
9022,Initao,Province of Misamis Oriental,Northern Mindanao,1004310000
9023,Naawan,Province of Misamis Oriental,Northern Mindanao,1004320000
9024,Manticao,Province of Misamis Oriental,Northern Mindanao,1004318000
9025,Lugait,Province of Misamis Oriental,Northern Mindanao,1004316000
9100,Mambajao,Province of Camiguin,Northern Mindanao,1001804000
9101,Mahinog,Province of Camiguin,Northern Mindanao,1001803000
9102,Guinsiliban,Province of Camiguin,Northern Mindanao,1001802000
9103,Sagay,Province of Camiguin,Northern Mindanao,1001805000
9104,Catarman,Province of Camiguin,Northern Mindanao,1001801000
9200,Iligan City,Province of Lanao del Norte,Northern Mindanao,1030900000
9201,Linamon,Province of Lanao del Norte,Northern Mindanao,1003510000
9202,Kauswagan,Province of Lanao del Norte,Northern Mindanao,1003507000
9203,Matungao,Province of Lanao del Norte,Northern Mindanao,1003513000
9204,Poona Piagapo,Province of Lanao del Norte,Northern Mindanao,1003517000
9205,Bacolod,Province of Lanao del Norte,Northern Mindanao,1003501000
9206,Maigo,Province of Lanao del Norte,Northern Mindanao,1003512000
9207,Kolambugan,Province of Lanao del Norte,Northern Mindanao,1003508000
9208,Pantao Ragat,Province of Lanao del Norte,Northern Mindanao,1003516000
9209,Tubod,Province of Lanao del Norte,Northern Mindanao,1003522000
9210,Baroy,Province of Lanao del Norte,Northern Mindanao,1003503000
9211,Lala,Province of Lanao del Norte,Northern Mindanao,1003509000
9212,Salvador,Province of Lanao del Norte,Northern Mindanao,1003518000
9213,Sapad,Province of Lanao del Norte,Northern Mindanao,1003519000
9214,Kapatagan,Province of Lanao del Norte,Northern Mindanao,1003505000
9215,Sultan Naga Dimaporo (formerly Karomatan),Province of Lanao del Norte,Northern Mindanao,1003506000
9216,Nunungan,Province of Lanao del Norte,Northern Mindanao,1003515000
9217,Baloi,Province of Lanao del Norte,Northern Mindanao,1003502000
9218,Pantar,Province of Lanao del Norte,Northern Mindanao,1003523000
9219,Munai,Province of Lanao del Norte,Northern Mindanao,1003514000
9220,Tangcal,Province of Lanao del Norte,Northern Mindanao,1003521000
9221,Magsaysay,Province of Lanao del Norte,Northern Mindanao,1003511000
9222,Tagoloan,Province of Lanao del Norte,Northern Mindanao,1003520000
9300,Malabang,Province of Lanao del Sur,Autonomous Region in Muslim Mindanao,1903615000
9301,Picong (formerly Sultan Gumander),Province of Lanao del Sur,Autonomous Region in Muslim Mindanao,1903635000
9301,Sultan Gumander,Province of Lanao del Sur,Autonomous Region in Muslim Mindanao,
9302,Balabagan,Province of Lanao del Sur,Autonomous Region in Muslim Mindanao,1903602000
9303,Marogong,Province of Lanao del Sur,Autonomous Region in Muslim Mindanao,1903631000
9304,Tubaran,Province of Lanao del Sur,Autonomous Region in Muslim Mindanao,1903628000
9305,Butig,Province of Lanao del Sur,Autonomous Region in Muslim Mindanao,1903607000
9306,Lumbayanague,Province of Lanao del Sur,Autonomous Region in Muslim Mindanao,1903636000
9307,Lumbatan,Province of Lanao del Sur,Autonomous Region in Muslim Mindanao,1903612000
9308,Macador Andong,Province of Lanao del Sur,Autonomous Region in Muslim Mindanao,
9309,Bayang,Province of Lanao del Sur,Autonomous Region in Muslim Mindanao,1903604000
9310,Binidayan,Province of Lanao del Sur,Autonomous Region in Muslim Mindanao,1903605000
9311,Ganassi,Province of Lanao del Sur,Autonomous Region in Muslim Mindanao,1903609000
9312,Pagayawan,Province of Lanao del Sur,Autonomous Region in Muslim Mindanao,1903620000
9313,Pualas,Province of Lanao del Sur,Autonomous Region in Muslim Mindanao,1903623000
9314,Madamba,Province of Lanao del Sur,Autonomous Region in Muslim Mindanao,1903614000
9315,Madalum,Province of Lanao del Sur,Autonomous Region in Muslim Mindanao,1903613000
9316,Bacolod Grande,Province of Lanao del Sur,Autonomous Region in Muslim Mindanao,
9316,Bacolod-Kalawi,Province of Lanao del Sur,Autonomous Region in Muslim Mindanao,1903601000
9317,Tugaya,Province of Lanao del Sur,Autonomous Region in Muslim Mindanao,1903629000
9318,Balindong,Province of Lanao del Sur,Autonomous Region in Muslim Mindanao,1903603000
9319,Calanogas,Province of Lanao del Sur,Autonomous Region in Muslim Mindanao,1903632000
9320,Amai Manabilang,Province of Lanao del Sur,Autonomous Region in Muslim Mindanao,1903637000
9320,Bumbaran,Province of Lanao del Sur,Autonomous Region in Muslim Mindanao,
9321,Tagoloan - II,Province of Lanao del Sur,Autonomous Region in Muslim Mindanao,1903638000
9322,Kapatagan,Province of Lanao del Sur,Autonomous Region in Muslim Mindanao,1903639000
9323,Lumbaca Unayan,Province of Lanao del Sur,Autonomous Region in Muslim Mindanao,1903641000
9324,Sultan Domalondong,Province of Lanao del Sur,Autonomous Region in Muslim Mindanao,
9324,Sultan Dumalondong,Province of Lanao del Sur,Autonomous Region in Muslim Mindanao,1903640000
9400,Kidapawan,Cotabato,Soccsksargen,1204704000
9401,Makilala,Cotabato,Soccsksargen,1204707000
9402,M'lang,Cotabato,Soccsksargen,1204710000
9403,Tulunan,Cotabato,Soccsksargen,1204714000
9404,Magpet,Cotabato,Soccsksargen,1204706000
9405,Pre. Roxas,Cotabato,Soccsksargen,
9405,President Roxas,Cotabato,Soccsksargen,1204713000
9406,Matalam,Cotabato,Soccsksargen,1204708000
9407,Kabacan,Cotabato,Soccsksargen,1204703000
9407,Old Kaabakan,Cotabato,Soccsksargen,1999902000
9408,Carmen,Cotabato,Soccsksargen,1204702000
9408,Kapalawan,Cotabato,Soccsksargen,1999901000
9409,Ligawasan,Cotabato,Soccsksargen,1999907000
9409,Malidegao,Cotabato,Soccsksargen,1999906000
9409,Pikit,Cotabato,Soccsksargen,1204712000
9409,Tugunan,Cotabato,Soccsksargen,1999908000
9410,Kadayangan,Cotabato,Soccsksargen,1999903000
9410,Midsayap,Cotabato,Soccsksargen,1204709000
9410,Nabalawag,Cotabato,Soccsksargen,1999904000
9411,Libungan,Cotabato,Soccsksargen,1204705000
9412,Pahamuddin,Cotabato,Soccsksargen,1999905000
9412,Pigkawayan,Cotabato,Soccsksargen,1204711000
9413,Alamada,Cotabato,Soccsksargen,1204701000
9414,Antipas,Cotabato,Soccsksargen,1204715000
9415,Aleosan,Cotabato,Soccsksargen,1204717000
9415,Nabalawag,Cotabato,Soccsksargen,1999904000
9415,Tugunan,Cotabato,Soccsksargen,1999908000
9416,Banisilan,Cotabato,Soccsksargen,1204716000
9417,Arakan,Cotabato,Soccsksargen,1204718000
9500,Gen. Santos City,Province of South Cotabato,Soccsksargen,
9500,General Santos City,Province of South Cotabato,Soccsksargen,1230800000
9501,Alabel,Province of Sarangani,Soccsksargen,1208001000
9502,Maasim,Province of Sarangani,Soccsksargen,1208004000
9503,Malungon,Province of Sarangani,Soccsksargen,1208007000
9504,Polomolok,Province of South Cotabato,Soccsksargen,1206312000
9505,Tupi,Province of South Cotabato,Soccsksargen,1206317000
9506,Koronadal,Province of South Cotabato,Soccsksargen,1206306000
9507,Tampakan,Province of South Cotabato,Soccsksargen,1206314000
9508,Norala,Province of South Cotabato,Soccsksargen,1206311000
9509,Sto. Niño,Province of South Cotabato,Soccsksargen,1206318000
9510,Tantangan,Province of South Cotabato,Soccsksargen,1206315000
9511,Banga,Province of South Cotabato,Soccsksargen,1206302000
9512,Surallah,Province of South Cotabato,Soccsksargen,1206313000
9513,T'boli,Province of South Cotabato,Soccsksargen,1206316000
9514,Kiamba,Province of Sarangani,Soccsksargen,1208003000
9515,Maitum,Province of Sarangani,Soccsksargen,1208005000
9516,Malapatan,Province of Sarangani,Soccsksargen,1208006000
9517,Glan,Province of Sarangani,Soccsksargen,1208002000
9518,Lake Sebu,Province of South Cotabato,Soccsksargen,1206319000
9600,Cotabato City,Province of Maguindanao,Autonomous Region in Muslim Mindanao,
9600,Cotabato City,Province of Maguindanao,Autonomous Region in Muslim Mindanao,1908703000
9601,Datu Odin Sinsuat,Province of Maguindanao,Autonomous Region in Muslim Mindanao,1908705000
9601,Datu Odin Sinsuat (Dinaig),Province of Maguindanao,Autonomous Region in Muslim Mindanao,
9602,Upi,Maguindanao del Norte,Autonomous Region in Muslim Mindanao,1908713000
9603,South Upi,Maguindanao del Sur,Autonomous Region in Muslim Mindanao,1908822000
9604,Parang,Maguindanao del Norte,Autonomous Region in Muslim Mindanao,1908709000
9605,Sultan Kudarat,Maguindanao del Norte,Autonomous Region in Muslim Mindanao,1908710000
9606,Kabuntalan,Province of Maguindanao,Autonomous Region in Muslim Mindanao,1908706000
9606,Kabuntulan,Province of Maguindanao,Autonomous Region in Muslim Mindanao,
9607,Datu Piang,Maguindanao del Sur,Autonomous Region in Muslim Mindanao,1908807000
9608,Shariff Aguak,Province of Maguindanao,Autonomous Region in Muslim Mindanao,1908820000
9608,Shariff Aguak (formerly Maganoy),Province of Maguindanao,Autonomous Region in Muslim Mindanao,
9609,Ampatuan,Maguindanao del Sur,Autonomous Region in Muslim Mindanao,1908801000
9610,Pagalungan,Maguindanao del Norte,Autonomous Region in Muslim Mindanao,
9610,Pagalungan,Maguindanao del Norte,Autonomous Region in Muslim Mindanao,1908816000
9611,Sultan Sa Barongis,Province of Maguindanao,Autonomous Region in Muslim Mindanao,
9611,Sultan Sa Barongis,Province of Maguindanao,Autonomous Region in Muslim Mindanao,1908823000
9612,Talayan,Maguindanao del Norte,Autonomous Region in Muslim Mindanao,
9612,Talayan,Maguindanao del Norte,Autonomous Region in Muslim Mindanao,1908824000
9613,Matanog,Maguindanao del Norte,Autonomous Region in Muslim Mindanao,1908707000
9614,Barira,Maguindanao del Norte,Autonomous Region in Muslim Mindanao,1908701000
9615,Buldon,Maguindanao del Norte,Autonomous Region in Muslim Mindanao,1908702000
9616,Buluan,Maguindanao del Sur,Autonomous Region in Muslim Mindanao,1908802000
9617,Datu Paglas,Maguindanao del Sur,Autonomous Region in Muslim Mindanao,1908806000
9618,Gen. S.K. Pendatun,Province of Maguindanao,Autonomous Region in Muslim Mindanao,1908811000
9618,General Salipada K. Pendatun,Province of Maguindanao,Autonomous Region in Muslim Mindanao,
9620,Mangudadatu,Province of Maguindanao,Autonomous Region in Muslim Mindanao,
9620,Mangudadatu,Province of Maguindanao,Autonomous Region in Muslim Mindanao,1908814000
9621,Datu Abdullah Sangki,Province of Maguindanao,Autonomous Region in Muslim Mindanao,
9621,Datu Abdullah Sangki,Province of Maguindanao,Autonomous Region in Muslim Mindanao,1908803000
9622,Datu Anggal Midtimbang,Province of Maguindanao,Autonomous Region in Muslim Mindanao,
9622,Datu Anggal Midtimbang,Province of Maguindanao,Autonomous Region in Muslim Mindanao,1908804000
9623,Datu Blah T. Sinsuat,Province of Maguindanao,Autonomous Region in Muslim Mindanao,
9623,Datu Blah T. Sinsuat,Province of Maguindanao,Autonomous Region in Muslim Mindanao,1908704000
9624,Datu Hoffer Ampatuan,Province of Maguindanao,Autonomous Region in Muslim Mindanao,
9624,Datu Hoffer Ampatuan,Province of Maguindanao,Autonomous Region in Muslim Mindanao,1908805000
9625,Datu Salibo,Province of Maguindanao,Autonomous Region in Muslim Mindanao,
9625,Datu Salibo,Province of Maguindanao,Autonomous Region in Muslim Mindanao,1908808000
9626,Datu Saudi Ampatuan,Province of Maguindanao,Autonomous Region in Muslim Mindanao,1908809000
9626,Datu Saudi-Ampatuan,Province of Maguindanao,Autonomous Region in Muslim Mindanao,
9627,Datu Unsay,Maguindanao del Sur,Autonomous Region in Muslim Mindanao,1908810000
9628,Guindulungan,Province of Maguindanao,Autonomous Region in Muslim Mindanao,
9628,Guindulungan,Province of Maguindanao,Autonomous Region in Muslim Mindanao,1908812000
9629,Mamasapano,Province of Maguindanao,Autonomous Region in Muslim Mindanao,
9629,Mamasapano,Province of Maguindanao,Autonomous Region in Muslim Mindanao,1908813000
9630,Northern Kabuntalan,Province of Maguindanao,Autonomous Region in Muslim Mindanao,
9630,Northern Kabuntalan,Province of Maguindanao,Autonomous Region in Muslim Mindanao,1908708000
9631,Datu Montawal (formerly Pagagawan),Province of Maguindanao,Autonomous Region in Muslim Mindanao,
9631,Pagagawan,Province of Maguindanao,Autonomous Region in Muslim Mindanao,1908815000
9632,Paglat,Maguindanao del Sur,Autonomous Region in Muslim Mindanao,1908817000
9633,Pandag,Maguindanao del Sur,Autonomous Region in Muslim Mindanao,1908818000
9634,Rajah Buayan,Province of Maguindanao,Autonomous Region in Muslim Mindanao,
9634,Rajah Buayan,Province of Maguindanao,Autonomous Region in Muslim Mindanao,1908819000
9635,Shariff Saydona Mustapha,Province of Maguindanao,Autonomous Region in Muslim Mindanao,
9635,Shariff Saydona Mustapha,Province of Maguindanao,Autonomous Region in Muslim Mindanao,1908821000
9636,Sultan Mastura,Province of Maguindanao,Autonomous Region in Muslim Mindanao,
9636,Sultan Mastura,Province of Maguindanao,Autonomous Region in Muslim Mindanao,1908711000
9637,Sultan Sumagka (formerly Talitay),Province of Maguindanao,Autonomous Region in Muslim Mindanao,
9637,Talitay,Province of Maguindanao,Autonomous Region in Muslim Mindanao,1908712000
9700,Marawi City,Province of Lanao del Sur,Autonomous Region in Muslim Mindanao,1903617000
9701,Saguiaran,Province of Lanao del Sur,Autonomous Region in Muslim Mindanao,1903625000
9702,Mulondo,Province of Lanao del Sur,Autonomous Region in Muslim Mindanao,1903619000
9703,Lumba Bayabao,Province of Lanao del Sur,Autonomous Region in Muslim Mindanao,1903611000
9704,Tamparan,Province of Lanao del Sur,Autonomous Region in Muslim Mindanao,1903626000
9705,Poona Bayabao,Province of Lanao del Sur,Autonomous Region in Muslim Mindanao,1903622000
9706,Masiu,Province of Lanao del Sur,Autonomous Region in Muslim Mindanao,1903618000
9708,Bubong,Province of Lanao del Sur,Autonomous Region in Muslim Mindanao,1903606000
9709,Kapai,Province of Lanao del Sur,Autonomous Region in Muslim Mindanao,1903610000
9710,Piagapo,Province of Lanao del Sur,Autonomous Region in Muslim Mindanao,1903621000
9711,Marantao,Province of Lanao del Sur,Autonomous Region in Muslim Mindanao,1903616000
9712,Taraka,Province of Lanao del Sur,Autonomous Region in Muslim Mindanao,1903627000
9713,Ditsaan-Ramain,Province of Lanao del Sur,Autonomous Region in Muslim Mindanao,1903624000
9713,Ramain-Ditsaan,Province of Lanao del Sur,Autonomous Region in Muslim Mindanao,
9714,Buadiposo Buntong,Province of Lanao del Sur,Autonomous Region in Muslim Mindanao,1903633000
9715,Maguing,Province of Lanao del Sur,Autonomous Region in Muslim Mindanao,1903634000
9716,Wao,Province of Lanao del Sur,Autonomous Region in Muslim Mindanao,1903630000
9800,Tacurong,Province of Sultan Kudarat,Soccsksargen,1206511000
9801,Columbio,Province of Sultan Kudarat,Soccsksargen,1206502000
9802,Lambayong,Province of Sultan Kudarat,Soccsksargen,1206508000
9802,Mariano Marcos,Province of Sultan Kudarat,Soccsksargen,
9803,Lutayan,Province of Sultan Kudarat,Soccsksargen,1206507000
9804,Pres. Quirino,Province of Sultan Kudarat,Soccsksargen,
9804,President Quirino,Province of Sultan Kudarat,Soccsksargen,1206510000
9805,Isulan,Province of Sultan Kudarat,Soccsksargen,1206504000
9806,Esperanza (Ampatuan),Province of Sultan Kudarat,Soccsksargen,1206503000
9807,Lebak (Salaman),Province of Sultan Kudarat,Soccsksargen,1206506000
9808,Kalamansig,Province of Sultan Kudarat,Soccsksargen,1206505000
9809,Palimbang,Province of Sultan Kudarat,Soccsksargen,1206509000
9810,Bagumbayan,Province of Sultan Kudarat,Soccsksargen,1206501000
9811,Sen. Ninoy Aquino,Province of Sultan Kudarat,Soccsksargen,1206512000